--GRP001 - AREA 그룹코드
--GRP002 - GRADE 그룹 코드
--GRP003 - COUNTRY 그룹 코드
--GRP004 - AGENCY 그룹 코드
--GRP005 - 상영관TYPE 그룹 코드
--GRP006 - PAY_METHOD 그룹 코드
--GRP007 - DC_TYPE 그룹 코드
--GRP008 - 영화 장르 그룹 코드

--@@@
--공통 코드 테이블 시작
CREATE TABLE COMMONS_TBL
(
GRP_ID			CHAR(6) 			NOT NULL, -- 그룹 코드
COM_ID			CHAR(7) 			NOT NULL, -- 공통 코드
COM_NAME		VARCHAR2(100) 	    NOT NULL, -- 공통 코드 이름
COM_LVL			NUMBER(2) 			NOT NULL, -- 공통 코드 레벨
PARENT_ID		CHAR(7) 	    	NOT NULL, -- 부모 아이디
EXTRA_INFO1		VARCHAR2(100) 		NULL, -- 추가 정보1
EXTRA_INFO2		VARCHAR2(100) 		NULL, -- 추가 정보2
EXTRA_INFO3		VARCHAR2(100) 		NULL, -- 추가 정보3
EXTRA_INFO4		VARCHAR2(100) 		NULL  -- 추가 정보4
)
;

--##지역 코드 AREA
INSERT INTO COMMONS_TBL(GRP_ID,COM_ID,COM_NAME,COM_LVL,PARENT_ID,EXTRA_INFO1,EXTRA_INFO2)
VALUES('GRP001','COM0000','한국 지역 코드',0,'COM0000',NULL,NULL);

INSERT INTO COMMONS_TBL(GRP_ID,COM_ID,COM_NAME,COM_LVL,PARENT_ID,EXTRA_INFO1,EXTRA_INFO2)
VALUES('GRP001','COM0001','서울특별시',1,'COM0000',NULL,NULL);
    
INSERT INTO COMMONS_TBL(GRP_ID,COM_ID,COM_NAME,COM_LVL,PARENT_ID,EXTRA_INFO1,EXTRA_INFO2)
VALUES('GRP001','COM0002','부산광역시',1,'COM0000',NULL,NULL);
    
INSERT INTO COMMONS_TBL(GRP_ID,COM_ID,COM_NAME,COM_LVL,PARENT_ID,EXTRA_INFO1,EXTRA_INFO2)
VALUES('GRP001','COM0003','대구광역시',1,'COM0000',NULL,NULL);
    
INSERT INTO COMMONS_TBL(GRP_ID,COM_ID,COM_NAME,COM_LVL,PARENT_ID,EXTRA_INFO1,EXTRA_INFO2)
VALUES('GRP001','COM0004','인천광역시',1,'COM0000',NULL,NULL);
    
INSERT INTO COMMONS_TBL(GRP_ID,COM_ID,COM_NAME,COM_LVL,PARENT_ID,EXTRA_INFO1,EXTRA_INFO2)
VALUES('GRP001','COM0005','광주광역시',1,'COM0000',NULL,NULL);
    
INSERT INTO COMMONS_TBL(GRP_ID,COM_ID,COM_NAME,COM_LVL,PARENT_ID,EXTRA_INFO1,EXTRA_INFO2)
VALUES('GRP001','COM0006','대전광역시',1,'COM0000',NULL,NULL);
    
INSERT INTO COMMONS_TBL(GRP_ID,COM_ID,COM_NAME,COM_LVL,PARENT_ID,EXTRA_INFO1,EXTRA_INFO2)
VALUES('GRP001','COM0007','울산광역시',1,'COM0000',NULL,NULL);
    
INSERT INTO COMMONS_TBL(GRP_ID,COM_ID,COM_NAME,COM_LVL,PARENT_ID,EXTRA_INFO1,EXTRA_INFO2)
VALUES('GRP001','COM0008','세종특별자치시',1,'COM0000',NULL,NULL);
    
INSERT INTO COMMONS_TBL(GRP_ID,COM_ID,COM_NAME,COM_LVL,PARENT_ID,EXTRA_INFO1,EXTRA_INFO2)
VALUES('GRP001','COM0009','경기도',1,'COM0000',NULL,NULL);
    
INSERT INTO COMMONS_TBL(GRP_ID,COM_ID,COM_NAME,COM_LVL,PARENT_ID,EXTRA_INFO1,EXTRA_INFO2)
VALUES('GRP001','COM0010','강원도',1,'COM0000',NULL,NULL);
    
INSERT INTO COMMONS_TBL(GRP_ID,COM_ID,COM_NAME,COM_LVL,PARENT_ID,EXTRA_INFO1,EXTRA_INFO2)
VALUES('GRP001','COM0011','충청북도',1,'COM0000',NULL,NULL);
    
INSERT INTO COMMONS_TBL(GRP_ID,COM_ID,COM_NAME,COM_LVL,PARENT_ID,EXTRA_INFO1,EXTRA_INFO2)
VALUES('GRP001','COM0012','충청남도',1,'COM0000',NULL,NULL);
    
INSERT INTO COMMONS_TBL(GRP_ID,COM_ID,COM_NAME,COM_LVL,PARENT_ID,EXTRA_INFO1,EXTRA_INFO2)
VALUES('GRP001','COM0013','전라북도',1,'COM0000',NULL,NULL);
    
INSERT INTO COMMONS_TBL(GRP_ID,COM_ID,COM_NAME,COM_LVL,PARENT_ID,EXTRA_INFO1,EXTRA_INFO2)
VALUES('GRP001','COM0014','전라남도',1,'COM0000',NULL,NULL);
    
INSERT INTO COMMONS_TBL(GRP_ID,COM_ID,COM_NAME,COM_LVL,PARENT_ID,EXTRA_INFO1,EXTRA_INFO2)
VALUES('GRP001','COM0015','경상북도',1,'COM0000',NULL,NULL);
    
INSERT INTO COMMONS_TBL(GRP_ID,COM_ID,COM_NAME,COM_LVL,PARENT_ID,EXTRA_INFO1,EXTRA_INFO2)
VALUES('GRP001','COM0016','경상남도',1,'COM0000',NULL,NULL);
    
INSERT INTO COMMONS_TBL(GRP_ID,COM_ID,COM_NAME,COM_LVL,PARENT_ID,EXTRA_INFO1,EXTRA_INFO2)
VALUES('GRP001','COM0017','제주특별자치도',1,'COM0000',NULL,NULL);

INSERT INTO COMMONS_TBL(GRP_ID,COM_ID,COM_NAME,COM_LVL,PARENT_ID,EXTRA_INFO1,EXTRA_INFO2)
VALUES('GRP001','COM0018','강남구',2,'COM0001',NULL,NULL);
    
INSERT INTO COMMONS_TBL(GRP_ID,COM_ID,COM_NAME,COM_LVL,PARENT_ID,EXTRA_INFO1,EXTRA_INFO2)
VALUES('GRP001','COM0019','강동구',2,'COM0001',NULL,NULL);
    
INSERT INTO COMMONS_TBL(GRP_ID,COM_ID,COM_NAME,COM_LVL,PARENT_ID,EXTRA_INFO1,EXTRA_INFO2)
VALUES('GRP001','COM0020','강북구',2,'COM0001',NULL,NULL);
    
INSERT INTO COMMONS_TBL(GRP_ID,COM_ID,COM_NAME,COM_LVL,PARENT_ID,EXTRA_INFO1,EXTRA_INFO2)
VALUES('GRP001','COM0021','강서구',2,'COM0001',NULL,NULL);
    
INSERT INTO COMMONS_TBL(GRP_ID,COM_ID,COM_NAME,COM_LVL,PARENT_ID,EXTRA_INFO1,EXTRA_INFO2)
VALUES('GRP001','COM0022','관악구',2,'COM0001',NULL,NULL);
    
INSERT INTO COMMONS_TBL(GRP_ID,COM_ID,COM_NAME,COM_LVL,PARENT_ID,EXTRA_INFO1,EXTRA_INFO2)
VALUES('GRP001','COM0023','광진구',2,'COM0001',NULL,NULL);
    
INSERT INTO COMMONS_TBL(GRP_ID,COM_ID,COM_NAME,COM_LVL,PARENT_ID,EXTRA_INFO1,EXTRA_INFO2)
VALUES('GRP001','COM0024','구로구',2,'COM0001',NULL,NULL);
    
INSERT INTO COMMONS_TBL(GRP_ID,COM_ID,COM_NAME,COM_LVL,PARENT_ID,EXTRA_INFO1,EXTRA_INFO2)
VALUES('GRP001','COM0025','금천구',2,'COM0001',NULL,NULL);
    
INSERT INTO COMMONS_TBL(GRP_ID,COM_ID,COM_NAME,COM_LVL,PARENT_ID,EXTRA_INFO1,EXTRA_INFO2)
VALUES('GRP001','COM0026','노원구',2,'COM0001',NULL,NULL);
    
INSERT INTO COMMONS_TBL(GRP_ID,COM_ID,COM_NAME,COM_LVL,PARENT_ID,EXTRA_INFO1,EXTRA_INFO2)
VALUES('GRP001','COM0027','도봉구',2,'COM0001',NULL,NULL);
    
INSERT INTO COMMONS_TBL(GRP_ID,COM_ID,COM_NAME,COM_LVL,PARENT_ID,EXTRA_INFO1,EXTRA_INFO2)
VALUES('GRP001','COM0028','동대문구',2,'COM0001',NULL,NULL);
    
INSERT INTO COMMONS_TBL(GRP_ID,COM_ID,COM_NAME,COM_LVL,PARENT_ID,EXTRA_INFO1,EXTRA_INFO2)
VALUES('GRP001','COM0029','동작구',2,'COM0001',NULL,NULL);
    
INSERT INTO COMMONS_TBL(GRP_ID,COM_ID,COM_NAME,COM_LVL,PARENT_ID,EXTRA_INFO1,EXTRA_INFO2)
VALUES('GRP001','COM0030','마포구',2,'COM0001',NULL,NULL);
    
INSERT INTO COMMONS_TBL(GRP_ID,COM_ID,COM_NAME,COM_LVL,PARENT_ID,EXTRA_INFO1,EXTRA_INFO2)
VALUES('GRP001','COM0031','서대문구',2,'COM0001',NULL,NULL);
    
INSERT INTO COMMONS_TBL(GRP_ID,COM_ID,COM_NAME,COM_LVL,PARENT_ID,EXTRA_INFO1,EXTRA_INFO2)
VALUES('GRP001','COM0032','서초구',2,'COM0001',NULL,NULL);
    
INSERT INTO COMMONS_TBL(GRP_ID,COM_ID,COM_NAME,COM_LVL,PARENT_ID,EXTRA_INFO1,EXTRA_INFO2)
VALUES('GRP001','COM0033','성동구',2,'COM0001',NULL,NULL);
    
INSERT INTO COMMONS_TBL(GRP_ID,COM_ID,COM_NAME,COM_LVL,PARENT_ID,EXTRA_INFO1,EXTRA_INFO2)
VALUES('GRP001','COM0034','성북구',2,'COM0001',NULL,NULL);
    
INSERT INTO COMMONS_TBL(GRP_ID,COM_ID,COM_NAME,COM_LVL,PARENT_ID,EXTRA_INFO1,EXTRA_INFO2)
VALUES('GRP001','COM0035','송파구',2,'COM0001',NULL,NULL);
    
INSERT INTO COMMONS_TBL(GRP_ID,COM_ID,COM_NAME,COM_LVL,PARENT_ID,EXTRA_INFO1,EXTRA_INFO2)
VALUES('GRP001','COM0036','양천구',2,'COM0001',NULL,NULL);
    
INSERT INTO COMMONS_TBL(GRP_ID,COM_ID,COM_NAME,COM_LVL,PARENT_ID,EXTRA_INFO1,EXTRA_INFO2)
VALUES('GRP001','COM0037','영등포구',2,'COM0001',NULL,NULL);
    
INSERT INTO COMMONS_TBL(GRP_ID,COM_ID,COM_NAME,COM_LVL,PARENT_ID,EXTRA_INFO1,EXTRA_INFO2)
VALUES('GRP001','COM0038','용산구',2,'COM0001',NULL,NULL);
    
INSERT INTO COMMONS_TBL(GRP_ID,COM_ID,COM_NAME,COM_LVL,PARENT_ID,EXTRA_INFO1,EXTRA_INFO2)
VALUES('GRP001','COM0039','은평구',2,'COM0001',NULL,NULL);
    
INSERT INTO COMMONS_TBL(GRP_ID,COM_ID,COM_NAME,COM_LVL,PARENT_ID,EXTRA_INFO1,EXTRA_INFO2)
VALUES('GRP001','COM0040','종로구',2,'COM0001',NULL,NULL);
    
INSERT INTO COMMONS_TBL(GRP_ID,COM_ID,COM_NAME,COM_LVL,PARENT_ID,EXTRA_INFO1,EXTRA_INFO2)
VALUES('GRP001','COM0041','중구',2,'COM0001',NULL,NULL);
    
INSERT INTO COMMONS_TBL(GRP_ID,COM_ID,COM_NAME,COM_LVL,PARENT_ID,EXTRA_INFO1,EXTRA_INFO2)
VALUES('GRP001','COM0042','중랑구',2,'COM0001',NULL,NULL);

INSERT INTO COMMONS_TBL(GRP_ID,COM_ID,COM_NAME,COM_LVL,PARENT_ID,EXTRA_INFO1,EXTRA_INFO2)
VALUES('GRP001','COM0043','강서구',2,'COM0002',NULL,NULL);
    
INSERT INTO COMMONS_TBL(GRP_ID,COM_ID,COM_NAME,COM_LVL,PARENT_ID,EXTRA_INFO1,EXTRA_INFO2)
VALUES('GRP001','COM0044','금정구',2,'COM0002',NULL,NULL);
    
INSERT INTO COMMONS_TBL(GRP_ID,COM_ID,COM_NAME,COM_LVL,PARENT_ID,EXTRA_INFO1,EXTRA_INFO2)
VALUES('GRP001','COM0045','기장군',2,'COM0002',NULL,NULL);
    
INSERT INTO COMMONS_TBL(GRP_ID,COM_ID,COM_NAME,COM_LVL,PARENT_ID,EXTRA_INFO1,EXTRA_INFO2)
VALUES('GRP001','COM0046','남구',2,'COM0002',NULL,NULL);
    
INSERT INTO COMMONS_TBL(GRP_ID,COM_ID,COM_NAME,COM_LVL,PARENT_ID,EXTRA_INFO1,EXTRA_INFO2)
VALUES('GRP001','COM0047','동구',2,'COM0002',NULL,NULL);
    
INSERT INTO COMMONS_TBL(GRP_ID,COM_ID,COM_NAME,COM_LVL,PARENT_ID,EXTRA_INFO1,EXTRA_INFO2)
VALUES('GRP001','COM0048','동래구',2,'COM0002',NULL,NULL);
    
INSERT INTO COMMONS_TBL(GRP_ID,COM_ID,COM_NAME,COM_LVL,PARENT_ID,EXTRA_INFO1,EXTRA_INFO2)
VALUES('GRP001','COM0049','부산진구',2,'COM0002',NULL,NULL);
    
INSERT INTO COMMONS_TBL(GRP_ID,COM_ID,COM_NAME,COM_LVL,PARENT_ID,EXTRA_INFO1,EXTRA_INFO2)
VALUES('GRP001','COM0050','북구',2,'COM0002',NULL,NULL);
    
INSERT INTO COMMONS_TBL(GRP_ID,COM_ID,COM_NAME,COM_LVL,PARENT_ID,EXTRA_INFO1,EXTRA_INFO2)
VALUES('GRP001','COM0051','사상구',2,'COM0002',NULL,NULL);
    
INSERT INTO COMMONS_TBL(GRP_ID,COM_ID,COM_NAME,COM_LVL,PARENT_ID,EXTRA_INFO1,EXTRA_INFO2)
VALUES('GRP001','COM0052','사하구',2,'COM0002',NULL,NULL);
    
INSERT INTO COMMONS_TBL(GRP_ID,COM_ID,COM_NAME,COM_LVL,PARENT_ID,EXTRA_INFO1,EXTRA_INFO2)
VALUES('GRP001','COM0053','서구',2,'COM0002',NULL,NULL);
    
INSERT INTO COMMONS_TBL(GRP_ID,COM_ID,COM_NAME,COM_LVL,PARENT_ID,EXTRA_INFO1,EXTRA_INFO2)
VALUES('GRP001','COM0054','수영구',2,'COM0002',NULL,NULL);
    
INSERT INTO COMMONS_TBL(GRP_ID,COM_ID,COM_NAME,COM_LVL,PARENT_ID,EXTRA_INFO1,EXTRA_INFO2)
VALUES('GRP001','COM0055','연제구',2,'COM0002',NULL,NULL);
    
INSERT INTO COMMONS_TBL(GRP_ID,COM_ID,COM_NAME,COM_LVL,PARENT_ID,EXTRA_INFO1,EXTRA_INFO2)
VALUES('GRP001','COM0056','영도구',2,'COM0002',NULL,NULL);
    
INSERT INTO COMMONS_TBL(GRP_ID,COM_ID,COM_NAME,COM_LVL,PARENT_ID,EXTRA_INFO1,EXTRA_INFO2)
VALUES('GRP001','COM0057','중구',2,'COM0002',NULL,NULL);
    
INSERT INTO COMMONS_TBL(GRP_ID,COM_ID,COM_NAME,COM_LVL,PARENT_ID,EXTRA_INFO1,EXTRA_INFO2)
VALUES('GRP001','COM0058','해운대구',2,'COM0002',NULL,NULL);

INSERT INTO COMMONS_TBL(GRP_ID,COM_ID,COM_NAME,COM_LVL,PARENT_ID,EXTRA_INFO1,EXTRA_INFO2)
VALUES('GRP001','COM0059','남구',2,'COM0003',NULL,NULL);
    
INSERT INTO COMMONS_TBL(GRP_ID,COM_ID,COM_NAME,COM_LVL,PARENT_ID,EXTRA_INFO1,EXTRA_INFO2)
VALUES('GRP001','COM0060','달서구',2,'COM0003',NULL,NULL);
    
INSERT INTO COMMONS_TBL(GRP_ID,COM_ID,COM_NAME,COM_LVL,PARENT_ID,EXTRA_INFO1,EXTRA_INFO2)
VALUES('GRP001','COM0061','달성군',2,'COM0003',NULL,NULL);
    
INSERT INTO COMMONS_TBL(GRP_ID,COM_ID,COM_NAME,COM_LVL,PARENT_ID,EXTRA_INFO1,EXTRA_INFO2)
VALUES('GRP001','COM0062','동구',2,'COM0003',NULL,NULL);
    
INSERT INTO COMMONS_TBL(GRP_ID,COM_ID,COM_NAME,COM_LVL,PARENT_ID,EXTRA_INFO1,EXTRA_INFO2)
VALUES('GRP001','COM0063','북구',2,'COM0003',NULL,NULL);
    
INSERT INTO COMMONS_TBL(GRP_ID,COM_ID,COM_NAME,COM_LVL,PARENT_ID,EXTRA_INFO1,EXTRA_INFO2)
VALUES('GRP001','COM0064','서구',2,'COM0003',NULL,NULL);
    
INSERT INTO COMMONS_TBL(GRP_ID,COM_ID,COM_NAME,COM_LVL,PARENT_ID,EXTRA_INFO1,EXTRA_INFO2)
VALUES('GRP001','COM0065','수성구',2,'COM0003',NULL,NULL);
    
INSERT INTO COMMONS_TBL(GRP_ID,COM_ID,COM_NAME,COM_LVL,PARENT_ID,EXTRA_INFO1,EXTRA_INFO2)
VALUES('GRP001','COM0066','중구',2,'COM0003',NULL,NULL);




--##등급 코드 GRADE
--EXTRA_INFO1 - 적립 퍼센트
--EXTRA_INFO2 - 할인 그룹 코드
--EXTRA_INFO3 - 할인 코드
INSERT INTO COMMONS_TBL(GRP_ID,COM_ID,COM_NAME,COM_LVL,PARENT_ID,EXTRA_INFO1,EXTRA_INFO2)
VALUES('GRP002','COM0000','등급 코드',0,'COM0000',NULL,NULL);

INSERT INTO COMMONS_TBL(GRP_ID,COM_ID,COM_NAME,COM_LVL,PARENT_ID,EXTRA_INFO1,EXTRA_INFO2)
VALUES('GRP002','COM0001','브론즈',1,'COM0000','0',NULL);

INSERT INTO COMMONS_TBL(GRP_ID,COM_ID,COM_NAME,COM_LVL,PARENT_ID,EXTRA_INFO1,EXTRA_INFO2,EXTRA_INFO3)
VALUES('GRP002','COM0002','실버',1,'COM0000','1','GRP007','COM0020');

INSERT INTO COMMONS_TBL(GRP_ID,COM_ID,COM_NAME,COM_LVL,PARENT_ID,EXTRA_INFO1,EXTRA_INFO2,EXTRA_INFO3)
VALUES('GRP002','COM0003','골드',1,'COM0000','2','GRP007','COM0021');

INSERT INTO COMMONS_TBL(GRP_ID,COM_ID,COM_NAME,COM_LVL,PARENT_ID,EXTRA_INFO1,EXTRA_INFO2,EXTRA_INFO3)
VALUES('GRP002','COM0004','다이아몬드',1,'COM0000','3','GRP007','COM0022');

INSERT INTO COMMONS_TBL(GRP_ID,COM_ID,COM_NAME,COM_LVL,PARENT_ID,EXTRA_INFO1,EXTRA_INFO2,EXTRA_INFO3)
VALUES('GRP002','COM0005','레드 다이아몬드',2,'COM0004','4','GRP007','COM0023');

INSERT INTO COMMONS_TBL(GRP_ID,COM_ID,COM_NAME,COM_LVL,PARENT_ID,EXTRA_INFO1,EXTRA_INFO2,EXTRA_INFO3)
VALUES('GRP002','COM0006','핑크 다이아몬드',3,'COM0005','5','GRP007','COM0024');


--##국적 코드 COUNTRY
INSERT INTO COMMONS_TBL(GRP_ID,COM_ID,COM_NAME,COM_LVL,PARENT_ID,EXTRA_INFO1,EXTRA_INFO2)
VALUES('GRP003','COM0000','국적 코드',0,'COM0000',NULL,NULL);

INSERT INTO COMMONS_TBL(GRP_ID,COM_ID,COM_NAME,COM_LVL,PARENT_ID,EXTRA_INFO1,EXTRA_INFO2)
    VALUES('GRP003','COM0001','가나',1,'COM0000',NULL,NULL);
    
INSERT INTO COMMONS_TBL(GRP_ID,COM_ID,COM_NAME,COM_LVL,PARENT_ID,EXTRA_INFO1,EXTRA_INFO2)
    VALUES('GRP003','COM0002','가봉',1,'COM0000',NULL,NULL);
    
INSERT INTO COMMONS_TBL(GRP_ID,COM_ID,COM_NAME,COM_LVL,PARENT_ID,EXTRA_INFO1,EXTRA_INFO2)
    VALUES('GRP003','COM0003','가이아나',1,'COM0000',NULL,NULL);
    
INSERT INTO COMMONS_TBL(GRP_ID,COM_ID,COM_NAME,COM_LVL,PARENT_ID,EXTRA_INFO1,EXTRA_INFO2)
    VALUES('GRP003','COM0004','감비아',1,'COM0000',NULL,NULL);
    
INSERT INTO COMMONS_TBL(GRP_ID,COM_ID,COM_NAME,COM_LVL,PARENT_ID,EXTRA_INFO1,EXTRA_INFO2)
    VALUES('GRP003','COM0005','과테말라',1,'COM0000',NULL,NULL);
    
INSERT INTO COMMONS_TBL(GRP_ID,COM_ID,COM_NAME,COM_LVL,PARENT_ID,EXTRA_INFO1,EXTRA_INFO2)
    VALUES('GRP003','COM0006','그레나다',1,'COM0000',NULL,NULL);
    
INSERT INTO COMMONS_TBL(GRP_ID,COM_ID,COM_NAME,COM_LVL,PARENT_ID,EXTRA_INFO1,EXTRA_INFO2)
    VALUES('GRP003','COM0007','그리스',1,'COM0000',NULL,NULL);
    
INSERT INTO COMMONS_TBL(GRP_ID,COM_ID,COM_NAME,COM_LVL,PARENT_ID,EXTRA_INFO1,EXTRA_INFO2)
    VALUES('GRP003','COM0008','기니',1,'COM0000',NULL,NULL);
    
INSERT INTO COMMONS_TBL(GRP_ID,COM_ID,COM_NAME,COM_LVL,PARENT_ID,EXTRA_INFO1,EXTRA_INFO2)
    VALUES('GRP003','COM0009','기니비사우',1,'COM0000',NULL,NULL);
    
INSERT INTO COMMONS_TBL(GRP_ID,COM_ID,COM_NAME,COM_LVL,PARENT_ID,EXTRA_INFO1,EXTRA_INFO2)
    VALUES('GRP003','COM0010','나미비아',1,'COM0000',NULL,NULL);
    
INSERT INTO COMMONS_TBL(GRP_ID,COM_ID,COM_NAME,COM_LVL,PARENT_ID,EXTRA_INFO1,EXTRA_INFO2)
    VALUES('GRP003','COM0011','나우루',1,'COM0000',NULL,NULL);
    
INSERT INTO COMMONS_TBL(GRP_ID,COM_ID,COM_NAME,COM_LVL,PARENT_ID,EXTRA_INFO1,EXTRA_INFO2)
    VALUES('GRP003','COM0012','나이지리아',1,'COM0000',NULL,NULL);
    
INSERT INTO COMMONS_TBL(GRP_ID,COM_ID,COM_NAME,COM_LVL,PARENT_ID,EXTRA_INFO1,EXTRA_INFO2)
    VALUES('GRP003','COM0013','남수단',1,'COM0000',NULL,NULL);
    
INSERT INTO COMMONS_TBL(GRP_ID,COM_ID,COM_NAME,COM_LVL,PARENT_ID,EXTRA_INFO1,EXTRA_INFO2)
    VALUES('GRP003','COM0014','남아프리카 공화국',1,'COM0000',NULL,NULL);
    
INSERT INTO COMMONS_TBL(GRP_ID,COM_ID,COM_NAME,COM_LVL,PARENT_ID,EXTRA_INFO1,EXTRA_INFO2)
    VALUES('GRP003','COM0015','네덜란드',1,'COM0000',NULL,NULL);
    
INSERT INTO COMMONS_TBL(GRP_ID,COM_ID,COM_NAME,COM_LVL,PARENT_ID,EXTRA_INFO1,EXTRA_INFO2)
    VALUES('GRP003','COM0016','네팔',1,'COM0000',NULL,NULL);
    
INSERT INTO COMMONS_TBL(GRP_ID,COM_ID,COM_NAME,COM_LVL,PARENT_ID,EXTRA_INFO1,EXTRA_INFO2)
    VALUES('GRP003','COM0017','노르웨이',1,'COM0000',NULL,NULL);
    
INSERT INTO COMMONS_TBL(GRP_ID,COM_ID,COM_NAME,COM_LVL,PARENT_ID,EXTRA_INFO1,EXTRA_INFO2)
    VALUES('GRP003','COM0018','뉴질랜드',1,'COM0000',NULL,NULL);
    
INSERT INTO COMMONS_TBL(GRP_ID,COM_ID,COM_NAME,COM_LVL,PARENT_ID,EXTRA_INFO1,EXTRA_INFO2)
    VALUES('GRP003','COM0019','니제르',1,'COM0000',NULL,NULL);
    
INSERT INTO COMMONS_TBL(GRP_ID,COM_ID,COM_NAME,COM_LVL,PARENT_ID,EXTRA_INFO1,EXTRA_INFO2)
    VALUES('GRP003','COM0020','니카라과',1,'COM0000',NULL,NULL);
    
INSERT INTO COMMONS_TBL(GRP_ID,COM_ID,COM_NAME,COM_LVL,PARENT_ID,EXTRA_INFO1,EXTRA_INFO2)
    VALUES('GRP003','COM0021','대한민국',1,'COM0000',NULL,NULL);
    
INSERT INTO COMMONS_TBL(GRP_ID,COM_ID,COM_NAME,COM_LVL,PARENT_ID,EXTRA_INFO1,EXTRA_INFO2)
    VALUES('GRP003','COM0022','덴마크',1,'COM0000',NULL,NULL);
    
INSERT INTO COMMONS_TBL(GRP_ID,COM_ID,COM_NAME,COM_LVL,PARENT_ID,EXTRA_INFO1,EXTRA_INFO2)
    VALUES('GRP003','COM0023','도미니카 공화국',1,'COM0000',NULL,NULL);
    
INSERT INTO COMMONS_TBL(GRP_ID,COM_ID,COM_NAME,COM_LVL,PARENT_ID,EXTRA_INFO1,EXTRA_INFO2)
    VALUES('GRP003','COM0024','도미니카 연방',1,'COM0000',NULL,NULL);
    
INSERT INTO COMMONS_TBL(GRP_ID,COM_ID,COM_NAME,COM_LVL,PARENT_ID,EXTRA_INFO1,EXTRA_INFO2)
    VALUES('GRP003','COM0025','독일',1,'COM0000',NULL,NULL);
    
INSERT INTO COMMONS_TBL(GRP_ID,COM_ID,COM_NAME,COM_LVL,PARENT_ID,EXTRA_INFO1,EXTRA_INFO2)
    VALUES('GRP003','COM0026','동티모르',1,'COM0000',NULL,NULL);
    
INSERT INTO COMMONS_TBL(GRP_ID,COM_ID,COM_NAME,COM_LVL,PARENT_ID,EXTRA_INFO1,EXTRA_INFO2)
    VALUES('GRP003','COM0027','라오스',1,'COM0000',NULL,NULL);
    
INSERT INTO COMMONS_TBL(GRP_ID,COM_ID,COM_NAME,COM_LVL,PARENT_ID,EXTRA_INFO1,EXTRA_INFO2)
    VALUES('GRP003','COM0028','라이베리아',1,'COM0000',NULL,NULL);
    
INSERT INTO COMMONS_TBL(GRP_ID,COM_ID,COM_NAME,COM_LVL,PARENT_ID,EXTRA_INFO1,EXTRA_INFO2)
    VALUES('GRP003','COM0029','라트비아',1,'COM0000',NULL,NULL);
    
INSERT INTO COMMONS_TBL(GRP_ID,COM_ID,COM_NAME,COM_LVL,PARENT_ID,EXTRA_INFO1,EXTRA_INFO2)
    VALUES('GRP003','COM0030','러시아',1,'COM0000',NULL,NULL);
    
INSERT INTO COMMONS_TBL(GRP_ID,COM_ID,COM_NAME,COM_LVL,PARENT_ID,EXTRA_INFO1,EXTRA_INFO2)
    VALUES('GRP003','COM0031','레바논',1,'COM0000',NULL,NULL);
    
INSERT INTO COMMONS_TBL(GRP_ID,COM_ID,COM_NAME,COM_LVL,PARENT_ID,EXTRA_INFO1,EXTRA_INFO2)
    VALUES('GRP003','COM0032','레소토',1,'COM0000',NULL,NULL);
    
INSERT INTO COMMONS_TBL(GRP_ID,COM_ID,COM_NAME,COM_LVL,PARENT_ID,EXTRA_INFO1,EXTRA_INFO2)
    VALUES('GRP003','COM0033','루마니아',1,'COM0000',NULL,NULL);
    
INSERT INTO COMMONS_TBL(GRP_ID,COM_ID,COM_NAME,COM_LVL,PARENT_ID,EXTRA_INFO1,EXTRA_INFO2)
    VALUES('GRP003','COM0034','룩셈부르크',1,'COM0000',NULL,NULL);
    
INSERT INTO COMMONS_TBL(GRP_ID,COM_ID,COM_NAME,COM_LVL,PARENT_ID,EXTRA_INFO1,EXTRA_INFO2)
    VALUES('GRP003','COM0035','르완다',1,'COM0000',NULL,NULL);
    
INSERT INTO COMMONS_TBL(GRP_ID,COM_ID,COM_NAME,COM_LVL,PARENT_ID,EXTRA_INFO1,EXTRA_INFO2)
    VALUES('GRP003','COM0036','리비아',1,'COM0000',NULL,NULL);
    
INSERT INTO COMMONS_TBL(GRP_ID,COM_ID,COM_NAME,COM_LVL,PARENT_ID,EXTRA_INFO1,EXTRA_INFO2)
    VALUES('GRP003','COM0037','리투아니아',1,'COM0000',NULL,NULL);
    
INSERT INTO COMMONS_TBL(GRP_ID,COM_ID,COM_NAME,COM_LVL,PARENT_ID,EXTRA_INFO1,EXTRA_INFO2)
    VALUES('GRP003','COM0038','리히텐슈타인',1,'COM0000',NULL,NULL);
    
INSERT INTO COMMONS_TBL(GRP_ID,COM_ID,COM_NAME,COM_LVL,PARENT_ID,EXTRA_INFO1,EXTRA_INFO2)
    VALUES('GRP003','COM0039','마다가스카르',1,'COM0000',NULL,NULL);
    
INSERT INTO COMMONS_TBL(GRP_ID,COM_ID,COM_NAME,COM_LVL,PARENT_ID,EXTRA_INFO1,EXTRA_INFO2)
    VALUES('GRP003','COM0040','마셜 제도',1,'COM0000',NULL,NULL);
    
INSERT INTO COMMONS_TBL(GRP_ID,COM_ID,COM_NAME,COM_LVL,PARENT_ID,EXTRA_INFO1,EXTRA_INFO2)
    VALUES('GRP003','COM0041','말라위',1,'COM0000',NULL,NULL);
    
INSERT INTO COMMONS_TBL(GRP_ID,COM_ID,COM_NAME,COM_LVL,PARENT_ID,EXTRA_INFO1,EXTRA_INFO2)
    VALUES('GRP003','COM0042','말레이시아',1,'COM0000',NULL,NULL);
    
INSERT INTO COMMONS_TBL(GRP_ID,COM_ID,COM_NAME,COM_LVL,PARENT_ID,EXTRA_INFO1,EXTRA_INFO2)
    VALUES('GRP003','COM0043','말리',1,'COM0000',NULL,NULL);
    
INSERT INTO COMMONS_TBL(GRP_ID,COM_ID,COM_NAME,COM_LVL,PARENT_ID,EXTRA_INFO1,EXTRA_INFO2)
    VALUES('GRP003','COM0044','멕시코',1,'COM0000',NULL,NULL);
    
INSERT INTO COMMONS_TBL(GRP_ID,COM_ID,COM_NAME,COM_LVL,PARENT_ID,EXTRA_INFO1,EXTRA_INFO2)
    VALUES('GRP003','COM0045','모나코',1,'COM0000',NULL,NULL);
    
INSERT INTO COMMONS_TBL(GRP_ID,COM_ID,COM_NAME,COM_LVL,PARENT_ID,EXTRA_INFO1,EXTRA_INFO2)
    VALUES('GRP003','COM0046','모로코',1,'COM0000',NULL,NULL);
    
INSERT INTO COMMONS_TBL(GRP_ID,COM_ID,COM_NAME,COM_LVL,PARENT_ID,EXTRA_INFO1,EXTRA_INFO2)
    VALUES('GRP003','COM0047','모리셔스',1,'COM0000',NULL,NULL);
    
INSERT INTO COMMONS_TBL(GRP_ID,COM_ID,COM_NAME,COM_LVL,PARENT_ID,EXTRA_INFO1,EXTRA_INFO2)
    VALUES('GRP003','COM0048','모리타니',1,'COM0000',NULL,NULL);
    
INSERT INTO COMMONS_TBL(GRP_ID,COM_ID,COM_NAME,COM_LVL,PARENT_ID,EXTRA_INFO1,EXTRA_INFO2)
    VALUES('GRP003','COM0049','모잠비크',1,'COM0000',NULL,NULL);
    
INSERT INTO COMMONS_TBL(GRP_ID,COM_ID,COM_NAME,COM_LVL,PARENT_ID,EXTRA_INFO1,EXTRA_INFO2)
    VALUES('GRP003','COM0050','몬테네그로',1,'COM0000',NULL,NULL);
    
INSERT INTO COMMONS_TBL(GRP_ID,COM_ID,COM_NAME,COM_LVL,PARENT_ID,EXTRA_INFO1,EXTRA_INFO2)
    VALUES('GRP003','COM0051','몰도바',1,'COM0000',NULL,NULL);
    
INSERT INTO COMMONS_TBL(GRP_ID,COM_ID,COM_NAME,COM_LVL,PARENT_ID,EXTRA_INFO1,EXTRA_INFO2)
    VALUES('GRP003','COM0052','몰디브',1,'COM0000',NULL,NULL);
    
INSERT INTO COMMONS_TBL(GRP_ID,COM_ID,COM_NAME,COM_LVL,PARENT_ID,EXTRA_INFO1,EXTRA_INFO2)
    VALUES('GRP003','COM0053','몰타',1,'COM0000',NULL,NULL);
    
INSERT INTO COMMONS_TBL(GRP_ID,COM_ID,COM_NAME,COM_LVL,PARENT_ID,EXTRA_INFO1,EXTRA_INFO2)
    VALUES('GRP003','COM0054','몽골',1,'COM0000',NULL,NULL);
    
INSERT INTO COMMONS_TBL(GRP_ID,COM_ID,COM_NAME,COM_LVL,PARENT_ID,EXTRA_INFO1,EXTRA_INFO2)
    VALUES('GRP003','COM0055','미국',1,'COM0000',NULL,NULL);
    
INSERT INTO COMMONS_TBL(GRP_ID,COM_ID,COM_NAME,COM_LVL,PARENT_ID,EXTRA_INFO1,EXTRA_INFO2)
    VALUES('GRP003','COM0056','미얀마',1,'COM0000',NULL,NULL);
    
INSERT INTO COMMONS_TBL(GRP_ID,COM_ID,COM_NAME,COM_LVL,PARENT_ID,EXTRA_INFO1,EXTRA_INFO2)
    VALUES('GRP003','COM0057','미크로네시아 연방',1,'COM0000',NULL,NULL);
    
INSERT INTO COMMONS_TBL(GRP_ID,COM_ID,COM_NAME,COM_LVL,PARENT_ID,EXTRA_INFO1,EXTRA_INFO2)
    VALUES('GRP003','COM0058','바누아투',1,'COM0000',NULL,NULL);
    
INSERT INTO COMMONS_TBL(GRP_ID,COM_ID,COM_NAME,COM_LVL,PARENT_ID,EXTRA_INFO1,EXTRA_INFO2)
    VALUES('GRP003','COM0059','바레인',1,'COM0000',NULL,NULL);
    
INSERT INTO COMMONS_TBL(GRP_ID,COM_ID,COM_NAME,COM_LVL,PARENT_ID,EXTRA_INFO1,EXTRA_INFO2)
    VALUES('GRP003','COM0060','바베이도스',1,'COM0000',NULL,NULL);
    
INSERT INTO COMMONS_TBL(GRP_ID,COM_ID,COM_NAME,COM_LVL,PARENT_ID,EXTRA_INFO1,EXTRA_INFO2)
    VALUES('GRP003','COM0061','바하마',1,'COM0000',NULL,NULL);
    
INSERT INTO COMMONS_TBL(GRP_ID,COM_ID,COM_NAME,COM_LVL,PARENT_ID,EXTRA_INFO1,EXTRA_INFO2)
    VALUES('GRP003','COM0062','방글라데시',1,'COM0000',NULL,NULL);
    
INSERT INTO COMMONS_TBL(GRP_ID,COM_ID,COM_NAME,COM_LVL,PARENT_ID,EXTRA_INFO1,EXTRA_INFO2)
    VALUES('GRP003','COM0063','베냉',1,'COM0000',NULL,NULL);
    
INSERT INTO COMMONS_TBL(GRP_ID,COM_ID,COM_NAME,COM_LVL,PARENT_ID,EXTRA_INFO1,EXTRA_INFO2)
    VALUES('GRP003','COM0064','베네수엘라',1,'COM0000',NULL,NULL);
    
INSERT INTO COMMONS_TBL(GRP_ID,COM_ID,COM_NAME,COM_LVL,PARENT_ID,EXTRA_INFO1,EXTRA_INFO2)
    VALUES('GRP003','COM0065','베트남',1,'COM0000',NULL,NULL);
    
INSERT INTO COMMONS_TBL(GRP_ID,COM_ID,COM_NAME,COM_LVL,PARENT_ID,EXTRA_INFO1,EXTRA_INFO2)
    VALUES('GRP003','COM0066','벨기에',1,'COM0000',NULL,NULL);
    
INSERT INTO COMMONS_TBL(GRP_ID,COM_ID,COM_NAME,COM_LVL,PARENT_ID,EXTRA_INFO1,EXTRA_INFO2)
    VALUES('GRP003','COM0067','벨라루스',1,'COM0000',NULL,NULL);
    
INSERT INTO COMMONS_TBL(GRP_ID,COM_ID,COM_NAME,COM_LVL,PARENT_ID,EXTRA_INFO1,EXTRA_INFO2)
    VALUES('GRP003','COM0068','벨리즈',1,'COM0000',NULL,NULL);
    
INSERT INTO COMMONS_TBL(GRP_ID,COM_ID,COM_NAME,COM_LVL,PARENT_ID,EXTRA_INFO1,EXTRA_INFO2)
    VALUES('GRP003','COM0069','보스니아 헤르체고비나',1,'COM0000',NULL,NULL);
    
INSERT INTO COMMONS_TBL(GRP_ID,COM_ID,COM_NAME,COM_LVL,PARENT_ID,EXTRA_INFO1,EXTRA_INFO2)
    VALUES('GRP003','COM0070','보츠와나',1,'COM0000',NULL,NULL);
    
INSERT INTO COMMONS_TBL(GRP_ID,COM_ID,COM_NAME,COM_LVL,PARENT_ID,EXTRA_INFO1,EXTRA_INFO2)
    VALUES('GRP003','COM0071','볼리비아',1,'COM0000',NULL,NULL);
    
INSERT INTO COMMONS_TBL(GRP_ID,COM_ID,COM_NAME,COM_LVL,PARENT_ID,EXTRA_INFO1,EXTRA_INFO2)
    VALUES('GRP003','COM0072','부룬디',1,'COM0000',NULL,NULL);
    
INSERT INTO COMMONS_TBL(GRP_ID,COM_ID,COM_NAME,COM_LVL,PARENT_ID,EXTRA_INFO1,EXTRA_INFO2)
    VALUES('GRP003','COM0073','부르키나파소',1,'COM0000',NULL,NULL);
    
INSERT INTO COMMONS_TBL(GRP_ID,COM_ID,COM_NAME,COM_LVL,PARENT_ID,EXTRA_INFO1,EXTRA_INFO2)
    VALUES('GRP003','COM0074','부탄',1,'COM0000',NULL,NULL);
    
INSERT INTO COMMONS_TBL(GRP_ID,COM_ID,COM_NAME,COM_LVL,PARENT_ID,EXTRA_INFO1,EXTRA_INFO2)
    VALUES('GRP003','COM0075','북마케도니아',1,'COM0000',NULL,NULL);
    
INSERT INTO COMMONS_TBL(GRP_ID,COM_ID,COM_NAME,COM_LVL,PARENT_ID,EXTRA_INFO1,EXTRA_INFO2)
    VALUES('GRP003','COM0076','북한',1,'COM0000',NULL,NULL);
    
INSERT INTO COMMONS_TBL(GRP_ID,COM_ID,COM_NAME,COM_LVL,PARENT_ID,EXTRA_INFO1,EXTRA_INFO2)
    VALUES('GRP003','COM0077','불가리아',1,'COM0000',NULL,NULL);
    
INSERT INTO COMMONS_TBL(GRP_ID,COM_ID,COM_NAME,COM_LVL,PARENT_ID,EXTRA_INFO1,EXTRA_INFO2)
    VALUES('GRP003','COM0078','브라질',1,'COM0000',NULL,NULL);
    
INSERT INTO COMMONS_TBL(GRP_ID,COM_ID,COM_NAME,COM_LVL,PARENT_ID,EXTRA_INFO1,EXTRA_INFO2)
    VALUES('GRP003','COM0079','브루나이',1,'COM0000',NULL,NULL);
    
INSERT INTO COMMONS_TBL(GRP_ID,COM_ID,COM_NAME,COM_LVL,PARENT_ID,EXTRA_INFO1,EXTRA_INFO2)
    VALUES('GRP003','COM0080','사모아',1,'COM0000',NULL,NULL);
    
INSERT INTO COMMONS_TBL(GRP_ID,COM_ID,COM_NAME,COM_LVL,PARENT_ID,EXTRA_INFO1,EXTRA_INFO2)
    VALUES('GRP003','COM0081','사우디아라비아',1,'COM0000',NULL,NULL);
    
INSERT INTO COMMONS_TBL(GRP_ID,COM_ID,COM_NAME,COM_LVL,PARENT_ID,EXTRA_INFO1,EXTRA_INFO2)
    VALUES('GRP003','COM0082','산마리노',1,'COM0000',NULL,NULL);
    
INSERT INTO COMMONS_TBL(GRP_ID,COM_ID,COM_NAME,COM_LVL,PARENT_ID,EXTRA_INFO1,EXTRA_INFO2)
    VALUES('GRP003','COM0083','상투메 프린시페',1,'COM0000',NULL,NULL);
    
INSERT INTO COMMONS_TBL(GRP_ID,COM_ID,COM_NAME,COM_LVL,PARENT_ID,EXTRA_INFO1,EXTRA_INFO2)
    VALUES('GRP003','COM0084','세네갈',1,'COM0000',NULL,NULL);
    
INSERT INTO COMMONS_TBL(GRP_ID,COM_ID,COM_NAME,COM_LVL,PARENT_ID,EXTRA_INFO1,EXTRA_INFO2)
    VALUES('GRP003','COM0085','세르비아',1,'COM0000',NULL,NULL);
    
INSERT INTO COMMONS_TBL(GRP_ID,COM_ID,COM_NAME,COM_LVL,PARENT_ID,EXTRA_INFO1,EXTRA_INFO2)
    VALUES('GRP003','COM0086','세이셸',1,'COM0000',NULL,NULL);
    
INSERT INTO COMMONS_TBL(GRP_ID,COM_ID,COM_NAME,COM_LVL,PARENT_ID,EXTRA_INFO1,EXTRA_INFO2)
    VALUES('GRP003','COM0087','세인트루시아',1,'COM0000',NULL,NULL);
    
INSERT INTO COMMONS_TBL(GRP_ID,COM_ID,COM_NAME,COM_LVL,PARENT_ID,EXTRA_INFO1,EXTRA_INFO2)
    VALUES('GRP003','COM0088','세인트빈센트 그레나딘',1,'COM0000',NULL,NULL);
    
INSERT INTO COMMONS_TBL(GRP_ID,COM_ID,COM_NAME,COM_LVL,PARENT_ID,EXTRA_INFO1,EXTRA_INFO2)
    VALUES('GRP003','COM0089','세인트키츠 네비스',1,'COM0000',NULL,NULL);
    
INSERT INTO COMMONS_TBL(GRP_ID,COM_ID,COM_NAME,COM_LVL,PARENT_ID,EXTRA_INFO1,EXTRA_INFO2)
    VALUES('GRP003','COM0090','소말리아',1,'COM0000',NULL,NULL);
    
INSERT INTO COMMONS_TBL(GRP_ID,COM_ID,COM_NAME,COM_LVL,PARENT_ID,EXTRA_INFO1,EXTRA_INFO2)
    VALUES('GRP003','COM0091','솔로몬 제도',1,'COM0000',NULL,NULL);
    
INSERT INTO COMMONS_TBL(GRP_ID,COM_ID,COM_NAME,COM_LVL,PARENT_ID,EXTRA_INFO1,EXTRA_INFO2)
    VALUES('GRP003','COM0092','수단 공화국',1,'COM0000',NULL,NULL);
    
INSERT INTO COMMONS_TBL(GRP_ID,COM_ID,COM_NAME,COM_LVL,PARENT_ID,EXTRA_INFO1,EXTRA_INFO2)
    VALUES('GRP003','COM0093','수리남',1,'COM0000',NULL,NULL);
    
INSERT INTO COMMONS_TBL(GRP_ID,COM_ID,COM_NAME,COM_LVL,PARENT_ID,EXTRA_INFO1,EXTRA_INFO2)
    VALUES('GRP003','COM0094','스리랑카',1,'COM0000',NULL,NULL);
    
INSERT INTO COMMONS_TBL(GRP_ID,COM_ID,COM_NAME,COM_LVL,PARENT_ID,EXTRA_INFO1,EXTRA_INFO2)
    VALUES('GRP003','COM0095','스웨덴',1,'COM0000',NULL,NULL);
    
INSERT INTO COMMONS_TBL(GRP_ID,COM_ID,COM_NAME,COM_LVL,PARENT_ID,EXTRA_INFO1,EXTRA_INFO2)
    VALUES('GRP003','COM0096','스위스',1,'COM0000',NULL,NULL);
    
INSERT INTO COMMONS_TBL(GRP_ID,COM_ID,COM_NAME,COM_LVL,PARENT_ID,EXTRA_INFO1,EXTRA_INFO2)
    VALUES('GRP003','COM0097','스페인',1,'COM0000',NULL,NULL);
    
INSERT INTO COMMONS_TBL(GRP_ID,COM_ID,COM_NAME,COM_LVL,PARENT_ID,EXTRA_INFO1,EXTRA_INFO2)
    VALUES('GRP003','COM0098','슬로바키아',1,'COM0000',NULL,NULL);
    
INSERT INTO COMMONS_TBL(GRP_ID,COM_ID,COM_NAME,COM_LVL,PARENT_ID,EXTRA_INFO1,EXTRA_INFO2)
    VALUES('GRP003','COM0099','슬로베니아',1,'COM0000',NULL,NULL);
    
INSERT INTO COMMONS_TBL(GRP_ID,COM_ID,COM_NAME,COM_LVL,PARENT_ID,EXTRA_INFO1,EXTRA_INFO2)
    VALUES('GRP003','COM0100','시리아',1,'COM0000',NULL,NULL);
    
INSERT INTO COMMONS_TBL(GRP_ID,COM_ID,COM_NAME,COM_LVL,PARENT_ID,EXTRA_INFO1,EXTRA_INFO2)
    VALUES('GRP003','COM0101','시에라리온',1,'COM0000',NULL,NULL);
    
INSERT INTO COMMONS_TBL(GRP_ID,COM_ID,COM_NAME,COM_LVL,PARENT_ID,EXTRA_INFO1,EXTRA_INFO2)
    VALUES('GRP003','COM0102','싱가포르',1,'COM0000',NULL,NULL);
    
INSERT INTO COMMONS_TBL(GRP_ID,COM_ID,COM_NAME,COM_LVL,PARENT_ID,EXTRA_INFO1,EXTRA_INFO2)
    VALUES('GRP003','COM0103','아랍에미리트',1,'COM0000',NULL,NULL);
    
INSERT INTO COMMONS_TBL(GRP_ID,COM_ID,COM_NAME,COM_LVL,PARENT_ID,EXTRA_INFO1,EXTRA_INFO2)
    VALUES('GRP003','COM0104','아르메니아',1,'COM0000',NULL,NULL);
    
INSERT INTO COMMONS_TBL(GRP_ID,COM_ID,COM_NAME,COM_LVL,PARENT_ID,EXTRA_INFO1,EXTRA_INFO2)
    VALUES('GRP003','COM0105','아르헨티나',1,'COM0000',NULL,NULL);
    
INSERT INTO COMMONS_TBL(GRP_ID,COM_ID,COM_NAME,COM_LVL,PARENT_ID,EXTRA_INFO1,EXTRA_INFO2)
    VALUES('GRP003','COM0106','아이슬란드',1,'COM0000',NULL,NULL);
    
INSERT INTO COMMONS_TBL(GRP_ID,COM_ID,COM_NAME,COM_LVL,PARENT_ID,EXTRA_INFO1,EXTRA_INFO2)
    VALUES('GRP003','COM0107','아이티',1,'COM0000',NULL,NULL);
    
INSERT INTO COMMONS_TBL(GRP_ID,COM_ID,COM_NAME,COM_LVL,PARENT_ID,EXTRA_INFO1,EXTRA_INFO2)
    VALUES('GRP003','COM0108','아일랜드',1,'COM0000',NULL,NULL);
    
INSERT INTO COMMONS_TBL(GRP_ID,COM_ID,COM_NAME,COM_LVL,PARENT_ID,EXTRA_INFO1,EXTRA_INFO2)
    VALUES('GRP003','COM0109','아제르바이잔',1,'COM0000',NULL,NULL);
    
INSERT INTO COMMONS_TBL(GRP_ID,COM_ID,COM_NAME,COM_LVL,PARENT_ID,EXTRA_INFO1,EXTRA_INFO2)
    VALUES('GRP003','COM0110','아프가니스탄',1,'COM0000',NULL,NULL);
    
INSERT INTO COMMONS_TBL(GRP_ID,COM_ID,COM_NAME,COM_LVL,PARENT_ID,EXTRA_INFO1,EXTRA_INFO2)
    VALUES('GRP003','COM0111','안도라',1,'COM0000',NULL,NULL);
    
INSERT INTO COMMONS_TBL(GRP_ID,COM_ID,COM_NAME,COM_LVL,PARENT_ID,EXTRA_INFO1,EXTRA_INFO2)
    VALUES('GRP003','COM0112','알바니아',1,'COM0000',NULL,NULL);
    
INSERT INTO COMMONS_TBL(GRP_ID,COM_ID,COM_NAME,COM_LVL,PARENT_ID,EXTRA_INFO1,EXTRA_INFO2)
    VALUES('GRP003','COM0113','알제리',1,'COM0000',NULL,NULL);
    
INSERT INTO COMMONS_TBL(GRP_ID,COM_ID,COM_NAME,COM_LVL,PARENT_ID,EXTRA_INFO1,EXTRA_INFO2)
    VALUES('GRP003','COM0114','앙골라',1,'COM0000',NULL,NULL);
    
INSERT INTO COMMONS_TBL(GRP_ID,COM_ID,COM_NAME,COM_LVL,PARENT_ID,EXTRA_INFO1,EXTRA_INFO2)
    VALUES('GRP003','COM0115','앤티가 바부다',1,'COM0000',NULL,NULL);
    
INSERT INTO COMMONS_TBL(GRP_ID,COM_ID,COM_NAME,COM_LVL,PARENT_ID,EXTRA_INFO1,EXTRA_INFO2)
    VALUES('GRP003','COM0116','에리트레아',1,'COM0000',NULL,NULL);
    
INSERT INTO COMMONS_TBL(GRP_ID,COM_ID,COM_NAME,COM_LVL,PARENT_ID,EXTRA_INFO1,EXTRA_INFO2)
    VALUES('GRP003','COM0117','에스와티니',1,'COM0000',NULL,NULL);
    
INSERT INTO COMMONS_TBL(GRP_ID,COM_ID,COM_NAME,COM_LVL,PARENT_ID,EXTRA_INFO1,EXTRA_INFO2)
    VALUES('GRP003','COM0118','에스토니아',1,'COM0000',NULL,NULL);
    
INSERT INTO COMMONS_TBL(GRP_ID,COM_ID,COM_NAME,COM_LVL,PARENT_ID,EXTRA_INFO1,EXTRA_INFO2)
    VALUES('GRP003','COM0119','에콰도르',1,'COM0000',NULL,NULL);
    
INSERT INTO COMMONS_TBL(GRP_ID,COM_ID,COM_NAME,COM_LVL,PARENT_ID,EXTRA_INFO1,EXTRA_INFO2)
    VALUES('GRP003','COM0120','에티오피아',1,'COM0000',NULL,NULL);
    
INSERT INTO COMMONS_TBL(GRP_ID,COM_ID,COM_NAME,COM_LVL,PARENT_ID,EXTRA_INFO1,EXTRA_INFO2)
    VALUES('GRP003','COM0121','엘살바도르',1,'COM0000',NULL,NULL);
    
INSERT INTO COMMONS_TBL(GRP_ID,COM_ID,COM_NAME,COM_LVL,PARENT_ID,EXTRA_INFO1,EXTRA_INFO2)
    VALUES('GRP003','COM0122','영국',1,'COM0000',NULL,NULL);
    
INSERT INTO COMMONS_TBL(GRP_ID,COM_ID,COM_NAME,COM_LVL,PARENT_ID,EXTRA_INFO1,EXTRA_INFO2)
    VALUES('GRP003','COM0123','예멘',1,'COM0000',NULL,NULL);
    
INSERT INTO COMMONS_TBL(GRP_ID,COM_ID,COM_NAME,COM_LVL,PARENT_ID,EXTRA_INFO1,EXTRA_INFO2)
    VALUES('GRP003','COM0124','오만',1,'COM0000',NULL,NULL);
    
INSERT INTO COMMONS_TBL(GRP_ID,COM_ID,COM_NAME,COM_LVL,PARENT_ID,EXTRA_INFO1,EXTRA_INFO2)
    VALUES('GRP003','COM0125','오스트리아',1,'COM0000',NULL,NULL);
    
INSERT INTO COMMONS_TBL(GRP_ID,COM_ID,COM_NAME,COM_LVL,PARENT_ID,EXTRA_INFO1,EXTRA_INFO2)
    VALUES('GRP003','COM0126','온두라스',1,'COM0000',NULL,NULL);
    
INSERT INTO COMMONS_TBL(GRP_ID,COM_ID,COM_NAME,COM_LVL,PARENT_ID,EXTRA_INFO1,EXTRA_INFO2)
    VALUES('GRP003','COM0127','요르단',1,'COM0000',NULL,NULL);
    
INSERT INTO COMMONS_TBL(GRP_ID,COM_ID,COM_NAME,COM_LVL,PARENT_ID,EXTRA_INFO1,EXTRA_INFO2)
    VALUES('GRP003','COM0128','우간다',1,'COM0000',NULL,NULL);
    
INSERT INTO COMMONS_TBL(GRP_ID,COM_ID,COM_NAME,COM_LVL,PARENT_ID,EXTRA_INFO1,EXTRA_INFO2)
    VALUES('GRP003','COM0129','우루과이',1,'COM0000',NULL,NULL);
    
INSERT INTO COMMONS_TBL(GRP_ID,COM_ID,COM_NAME,COM_LVL,PARENT_ID,EXTRA_INFO1,EXTRA_INFO2)
    VALUES('GRP003','COM0130','우즈베키스탄',1,'COM0000',NULL,NULL);
    
INSERT INTO COMMONS_TBL(GRP_ID,COM_ID,COM_NAME,COM_LVL,PARENT_ID,EXTRA_INFO1,EXTRA_INFO2)
    VALUES('GRP003','COM0131','우크라이나',1,'COM0000',NULL,NULL);
    
INSERT INTO COMMONS_TBL(GRP_ID,COM_ID,COM_NAME,COM_LVL,PARENT_ID,EXTRA_INFO1,EXTRA_INFO2)
    VALUES('GRP003','COM0132','이라크',1,'COM0000',NULL,NULL);
    
INSERT INTO COMMONS_TBL(GRP_ID,COM_ID,COM_NAME,COM_LVL,PARENT_ID,EXTRA_INFO1,EXTRA_INFO2)
    VALUES('GRP003','COM0133','이란',1,'COM0000',NULL,NULL);
    
INSERT INTO COMMONS_TBL(GRP_ID,COM_ID,COM_NAME,COM_LVL,PARENT_ID,EXTRA_INFO1,EXTRA_INFO2)
    VALUES('GRP003','COM0134','이스라엘',1,'COM0000',NULL,NULL);
    
INSERT INTO COMMONS_TBL(GRP_ID,COM_ID,COM_NAME,COM_LVL,PARENT_ID,EXTRA_INFO1,EXTRA_INFO2)
    VALUES('GRP003','COM0135','이집트',1,'COM0000',NULL,NULL);
    
INSERT INTO COMMONS_TBL(GRP_ID,COM_ID,COM_NAME,COM_LVL,PARENT_ID,EXTRA_INFO1,EXTRA_INFO2)
    VALUES('GRP003','COM0136','이탈리아',1,'COM0000',NULL,NULL);
    
INSERT INTO COMMONS_TBL(GRP_ID,COM_ID,COM_NAME,COM_LVL,PARENT_ID,EXTRA_INFO1,EXTRA_INFO2)
    VALUES('GRP003','COM0137','인도',1,'COM0000',NULL,NULL);
    
INSERT INTO COMMONS_TBL(GRP_ID,COM_ID,COM_NAME,COM_LVL,PARENT_ID,EXTRA_INFO1,EXTRA_INFO2)
    VALUES('GRP003','COM0138','인도네시아',1,'COM0000',NULL,NULL);
    
INSERT INTO COMMONS_TBL(GRP_ID,COM_ID,COM_NAME,COM_LVL,PARENT_ID,EXTRA_INFO1,EXTRA_INFO2)
    VALUES('GRP003','COM0139','일본',1,'COM0000',NULL,NULL);
    
INSERT INTO COMMONS_TBL(GRP_ID,COM_ID,COM_NAME,COM_LVL,PARENT_ID,EXTRA_INFO1,EXTRA_INFO2)
    VALUES('GRP003','COM0140','자메이카',1,'COM0000',NULL,NULL);
    
INSERT INTO COMMONS_TBL(GRP_ID,COM_ID,COM_NAME,COM_LVL,PARENT_ID,EXTRA_INFO1,EXTRA_INFO2)
    VALUES('GRP003','COM0141','잠비아',1,'COM0000',NULL,NULL);
    
INSERT INTO COMMONS_TBL(GRP_ID,COM_ID,COM_NAME,COM_LVL,PARENT_ID,EXTRA_INFO1,EXTRA_INFO2)
    VALUES('GRP003','COM0142','적도 기니',1,'COM0000',NULL,NULL);
    
INSERT INTO COMMONS_TBL(GRP_ID,COM_ID,COM_NAME,COM_LVL,PARENT_ID,EXTRA_INFO1,EXTRA_INFO2)
    VALUES('GRP003','COM0143','조지아',1,'COM0000',NULL,NULL);
    
INSERT INTO COMMONS_TBL(GRP_ID,COM_ID,COM_NAME,COM_LVL,PARENT_ID,EXTRA_INFO1,EXTRA_INFO2)
    VALUES('GRP003','COM0144','중국',1,'COM0000',NULL,NULL);
    
INSERT INTO COMMONS_TBL(GRP_ID,COM_ID,COM_NAME,COM_LVL,PARENT_ID,EXTRA_INFO1,EXTRA_INFO2)
    VALUES('GRP003','COM0145','중앙아프리카공화국',1,'COM0000',NULL,NULL);
    
INSERT INTO COMMONS_TBL(GRP_ID,COM_ID,COM_NAME,COM_LVL,PARENT_ID,EXTRA_INFO1,EXTRA_INFO2)
    VALUES('GRP003','COM0146','지부티',1,'COM0000',NULL,NULL);
    
INSERT INTO COMMONS_TBL(GRP_ID,COM_ID,COM_NAME,COM_LVL,PARENT_ID,EXTRA_INFO1,EXTRA_INFO2)
    VALUES('GRP003','COM0147','짐바브웨',1,'COM0000',NULL,NULL);
    
INSERT INTO COMMONS_TBL(GRP_ID,COM_ID,COM_NAME,COM_LVL,PARENT_ID,EXTRA_INFO1,EXTRA_INFO2)
    VALUES('GRP003','COM0148','차드',1,'COM0000',NULL,NULL);
    
INSERT INTO COMMONS_TBL(GRP_ID,COM_ID,COM_NAME,COM_LVL,PARENT_ID,EXTRA_INFO1,EXTRA_INFO2)
    VALUES('GRP003','COM0149','체코',1,'COM0000',NULL,NULL);
    
INSERT INTO COMMONS_TBL(GRP_ID,COM_ID,COM_NAME,COM_LVL,PARENT_ID,EXTRA_INFO1,EXTRA_INFO2)
    VALUES('GRP003','COM0150','칠레',1,'COM0000',NULL,NULL);
    
INSERT INTO COMMONS_TBL(GRP_ID,COM_ID,COM_NAME,COM_LVL,PARENT_ID,EXTRA_INFO1,EXTRA_INFO2)
    VALUES('GRP003','COM0151','카메룬',1,'COM0000',NULL,NULL);
    
INSERT INTO COMMONS_TBL(GRP_ID,COM_ID,COM_NAME,COM_LVL,PARENT_ID,EXTRA_INFO1,EXTRA_INFO2)
    VALUES('GRP003','COM0152','카보베르데',1,'COM0000',NULL,NULL);
    
INSERT INTO COMMONS_TBL(GRP_ID,COM_ID,COM_NAME,COM_LVL,PARENT_ID,EXTRA_INFO1,EXTRA_INFO2)
    VALUES('GRP003','COM0153','카자흐스탄',1,'COM0000',NULL,NULL);
    
INSERT INTO COMMONS_TBL(GRP_ID,COM_ID,COM_NAME,COM_LVL,PARENT_ID,EXTRA_INFO1,EXTRA_INFO2)
    VALUES('GRP003','COM0154','카타르',1,'COM0000',NULL,NULL);
    
INSERT INTO COMMONS_TBL(GRP_ID,COM_ID,COM_NAME,COM_LVL,PARENT_ID,EXTRA_INFO1,EXTRA_INFO2)
    VALUES('GRP003','COM0155','캄보디아',1,'COM0000',NULL,NULL);
    
INSERT INTO COMMONS_TBL(GRP_ID,COM_ID,COM_NAME,COM_LVL,PARENT_ID,EXTRA_INFO1,EXTRA_INFO2)
    VALUES('GRP003','COM0156','캐나다',1,'COM0000',NULL,NULL);
    
INSERT INTO COMMONS_TBL(GRP_ID,COM_ID,COM_NAME,COM_LVL,PARENT_ID,EXTRA_INFO1,EXTRA_INFO2)
    VALUES('GRP003','COM0157','케냐',1,'COM0000',NULL,NULL);
    
INSERT INTO COMMONS_TBL(GRP_ID,COM_ID,COM_NAME,COM_LVL,PARENT_ID,EXTRA_INFO1,EXTRA_INFO2)
    VALUES('GRP003','COM0158','코모로',1,'COM0000',NULL,NULL);
    
INSERT INTO COMMONS_TBL(GRP_ID,COM_ID,COM_NAME,COM_LVL,PARENT_ID,EXTRA_INFO1,EXTRA_INFO2)
    VALUES('GRP003','COM0159','코스타리카',1,'COM0000',NULL,NULL);
    
INSERT INTO COMMONS_TBL(GRP_ID,COM_ID,COM_NAME,COM_LVL,PARENT_ID,EXTRA_INFO1,EXTRA_INFO2)
    VALUES('GRP003','COM0160','코트디부아르',1,'COM0000',NULL,NULL);
    
INSERT INTO COMMONS_TBL(GRP_ID,COM_ID,COM_NAME,COM_LVL,PARENT_ID,EXTRA_INFO1,EXTRA_INFO2)
    VALUES('GRP003','COM0161','콜롬비아',1,'COM0000',NULL,NULL);
    
INSERT INTO COMMONS_TBL(GRP_ID,COM_ID,COM_NAME,COM_LVL,PARENT_ID,EXTRA_INFO1,EXTRA_INFO2)
    VALUES('GRP003','COM0162','콩고 공화국',1,'COM0000',NULL,NULL);
    
INSERT INTO COMMONS_TBL(GRP_ID,COM_ID,COM_NAME,COM_LVL,PARENT_ID,EXTRA_INFO1,EXTRA_INFO2)
    VALUES('GRP003','COM0163','콩고민주공화국',1,'COM0000',NULL,NULL);
    
INSERT INTO COMMONS_TBL(GRP_ID,COM_ID,COM_NAME,COM_LVL,PARENT_ID,EXTRA_INFO1,EXTRA_INFO2)
    VALUES('GRP003','COM0164','쿠바',1,'COM0000',NULL,NULL);
    
INSERT INTO COMMONS_TBL(GRP_ID,COM_ID,COM_NAME,COM_LVL,PARENT_ID,EXTRA_INFO1,EXTRA_INFO2)
    VALUES('GRP003','COM0165','쿠웨이트',1,'COM0000',NULL,NULL);
    
INSERT INTO COMMONS_TBL(GRP_ID,COM_ID,COM_NAME,COM_LVL,PARENT_ID,EXTRA_INFO1,EXTRA_INFO2)
    VALUES('GRP003','COM0166','크로아티아',1,'COM0000',NULL,NULL);
    
INSERT INTO COMMONS_TBL(GRP_ID,COM_ID,COM_NAME,COM_LVL,PARENT_ID,EXTRA_INFO1,EXTRA_INFO2)
    VALUES('GRP003','COM0167','키르기스스탄',1,'COM0000',NULL,NULL);
    
INSERT INTO COMMONS_TBL(GRP_ID,COM_ID,COM_NAME,COM_LVL,PARENT_ID,EXTRA_INFO1,EXTRA_INFO2)
    VALUES('GRP003','COM0168','키리바시',1,'COM0000',NULL,NULL);
    
INSERT INTO COMMONS_TBL(GRP_ID,COM_ID,COM_NAME,COM_LVL,PARENT_ID,EXTRA_INFO1,EXTRA_INFO2)
    VALUES('GRP003','COM0169','키프로스',1,'COM0000',NULL,NULL);
    
INSERT INTO COMMONS_TBL(GRP_ID,COM_ID,COM_NAME,COM_LVL,PARENT_ID,EXTRA_INFO1,EXTRA_INFO2)
    VALUES('GRP003','COM0170','타지키스탄',1,'COM0000',NULL,NULL);
    
INSERT INTO COMMONS_TBL(GRP_ID,COM_ID,COM_NAME,COM_LVL,PARENT_ID,EXTRA_INFO1,EXTRA_INFO2)
    VALUES('GRP003','COM0171','탄자니아',1,'COM0000',NULL,NULL);
    
INSERT INTO COMMONS_TBL(GRP_ID,COM_ID,COM_NAME,COM_LVL,PARENT_ID,EXTRA_INFO1,EXTRA_INFO2)
    VALUES('GRP003','COM0172','태국',1,'COM0000',NULL,NULL);
    
INSERT INTO COMMONS_TBL(GRP_ID,COM_ID,COM_NAME,COM_LVL,PARENT_ID,EXTRA_INFO1,EXTRA_INFO2)
    VALUES('GRP003','COM0173','터키',1,'COM0000',NULL,NULL);
    
INSERT INTO COMMONS_TBL(GRP_ID,COM_ID,COM_NAME,COM_LVL,PARENT_ID,EXTRA_INFO1,EXTRA_INFO2)
    VALUES('GRP003','COM0174','토고',1,'COM0000',NULL,NULL);
    
INSERT INTO COMMONS_TBL(GRP_ID,COM_ID,COM_NAME,COM_LVL,PARENT_ID,EXTRA_INFO1,EXTRA_INFO2)
    VALUES('GRP003','COM0175','통가',1,'COM0000',NULL,NULL);
    
INSERT INTO COMMONS_TBL(GRP_ID,COM_ID,COM_NAME,COM_LVL,PARENT_ID,EXTRA_INFO1,EXTRA_INFO2)
    VALUES('GRP003','COM0176','투르크메니스탄',1,'COM0000',NULL,NULL);
    
INSERT INTO COMMONS_TBL(GRP_ID,COM_ID,COM_NAME,COM_LVL,PARENT_ID,EXTRA_INFO1,EXTRA_INFO2)
    VALUES('GRP003','COM0177','투발루',1,'COM0000',NULL,NULL);
    
INSERT INTO COMMONS_TBL(GRP_ID,COM_ID,COM_NAME,COM_LVL,PARENT_ID,EXTRA_INFO1,EXTRA_INFO2)
    VALUES('GRP003','COM0178','튀니지',1,'COM0000',NULL,NULL);
    
INSERT INTO COMMONS_TBL(GRP_ID,COM_ID,COM_NAME,COM_LVL,PARENT_ID,EXTRA_INFO1,EXTRA_INFO2)
    VALUES('GRP003','COM0179','트리니다드 토바고',1,'COM0000',NULL,NULL);
    
INSERT INTO COMMONS_TBL(GRP_ID,COM_ID,COM_NAME,COM_LVL,PARENT_ID,EXTRA_INFO1,EXTRA_INFO2)
    VALUES('GRP003','COM0180','파나마',1,'COM0000',NULL,NULL);
    
INSERT INTO COMMONS_TBL(GRP_ID,COM_ID,COM_NAME,COM_LVL,PARENT_ID,EXTRA_INFO1,EXTRA_INFO2)
    VALUES('GRP003','COM0181','파라과이',1,'COM0000',NULL,NULL);
    
INSERT INTO COMMONS_TBL(GRP_ID,COM_ID,COM_NAME,COM_LVL,PARENT_ID,EXTRA_INFO1,EXTRA_INFO2)
    VALUES('GRP003','COM0182','파키스탄',1,'COM0000',NULL,NULL);
    
INSERT INTO COMMONS_TBL(GRP_ID,COM_ID,COM_NAME,COM_LVL,PARENT_ID,EXTRA_INFO1,EXTRA_INFO2)
    VALUES('GRP003','COM0183','파푸아뉴기니',1,'COM0000',NULL,NULL);
    
INSERT INTO COMMONS_TBL(GRP_ID,COM_ID,COM_NAME,COM_LVL,PARENT_ID,EXTRA_INFO1,EXTRA_INFO2)
    VALUES('GRP003','COM0184','팔라우',1,'COM0000',NULL,NULL);
    
INSERT INTO COMMONS_TBL(GRP_ID,COM_ID,COM_NAME,COM_LVL,PARENT_ID,EXTRA_INFO1,EXTRA_INFO2)
    VALUES('GRP003','COM0185','페루',1,'COM0000',NULL,NULL);
    
INSERT INTO COMMONS_TBL(GRP_ID,COM_ID,COM_NAME,COM_LVL,PARENT_ID,EXTRA_INFO1,EXTRA_INFO2)
    VALUES('GRP003','COM0186','포르투갈',1,'COM0000',NULL,NULL);
    
INSERT INTO COMMONS_TBL(GRP_ID,COM_ID,COM_NAME,COM_LVL,PARENT_ID,EXTRA_INFO1,EXTRA_INFO2)
    VALUES('GRP003','COM0187','폴란드',1,'COM0000',NULL,NULL);
    
INSERT INTO COMMONS_TBL(GRP_ID,COM_ID,COM_NAME,COM_LVL,PARENT_ID,EXTRA_INFO1,EXTRA_INFO2)
    VALUES('GRP003','COM0188','프랑스',1,'COM0000',NULL,NULL);
    
INSERT INTO COMMONS_TBL(GRP_ID,COM_ID,COM_NAME,COM_LVL,PARENT_ID,EXTRA_INFO1,EXTRA_INFO2)
    VALUES('GRP003','COM0189','피지',1,'COM0000',NULL,NULL);
    
INSERT INTO COMMONS_TBL(GRP_ID,COM_ID,COM_NAME,COM_LVL,PARENT_ID,EXTRA_INFO1,EXTRA_INFO2)
    VALUES('GRP003','COM0190','핀란드',1,'COM0000',NULL,NULL);
    
INSERT INTO COMMONS_TBL(GRP_ID,COM_ID,COM_NAME,COM_LVL,PARENT_ID,EXTRA_INFO1,EXTRA_INFO2)
    VALUES('GRP003','COM0191','필리핀',1,'COM0000',NULL,NULL);
    
INSERT INTO COMMONS_TBL(GRP_ID,COM_ID,COM_NAME,COM_LVL,PARENT_ID,EXTRA_INFO1,EXTRA_INFO2)
    VALUES('GRP003','COM0192','헝가리',1,'COM0000',NULL,NULL);
    
INSERT INTO COMMONS_TBL(GRP_ID,COM_ID,COM_NAME,COM_LVL,PARENT_ID,EXTRA_INFO1,EXTRA_INFO2)
    VALUES('GRP003','COM0193','호주',1,'COM0000',NULL,NULL);
    
INSERT INTO COMMONS_TBL(GRP_ID,COM_ID,COM_NAME,COM_LVL,PARENT_ID,EXTRA_INFO1,EXTRA_INFO2)
    VALUES('GRP003','COM0194','바티칸',1,'COM0000',NULL,NULL);
    
INSERT INTO COMMONS_TBL(GRP_ID,COM_ID,COM_NAME,COM_LVL,PARENT_ID,EXTRA_INFO1,EXTRA_INFO2)
    VALUES('GRP003','COM0195','팔레스타인',1,'COM0000',NULL,NULL);
    
INSERT INTO COMMONS_TBL(GRP_ID,COM_ID,COM_NAME,COM_LVL,PARENT_ID,EXTRA_INFO1,EXTRA_INFO2)
    VALUES('GRP003','COM0196','남오세티야',1,'COM0000',NULL,NULL);
    
INSERT INTO COMMONS_TBL(GRP_ID,COM_ID,COM_NAME,COM_LVL,PARENT_ID,EXTRA_INFO1,EXTRA_INFO2)
    VALUES('GRP003','COM0197','도네츠크 인민공화국',1,'COM0000',NULL,NULL);
    
INSERT INTO COMMONS_TBL(GRP_ID,COM_ID,COM_NAME,COM_LVL,PARENT_ID,EXTRA_INFO1,EXTRA_INFO2)
    VALUES('GRP003','COM0198','루간스크 인민공화국',1,'COM0000',NULL,NULL);
    
INSERT INTO COMMONS_TBL(GRP_ID,COM_ID,COM_NAME,COM_LVL,PARENT_ID,EXTRA_INFO1,EXTRA_INFO2)
    VALUES('GRP003','COM0199','대만',1,'COM0000',NULL,NULL);
    
INSERT INTO COMMONS_TBL(GRP_ID,COM_ID,COM_NAME,COM_LVL,PARENT_ID,EXTRA_INFO1,EXTRA_INFO2)
    VALUES('GRP003','COM0200','북키프로스 터키 공화국',1,'COM0000',NULL,NULL);
    
INSERT INTO COMMONS_TBL(GRP_ID,COM_ID,COM_NAME,COM_LVL,PARENT_ID,EXTRA_INFO1,EXTRA_INFO2)
    VALUES('GRP003','COM0201','사하라 아랍 민주 공화국',1,'COM0000',NULL,NULL);
    
INSERT INTO COMMONS_TBL(GRP_ID,COM_ID,COM_NAME,COM_LVL,PARENT_ID,EXTRA_INFO1,EXTRA_INFO2)
    VALUES('GRP003','COM0202','소말릴란드',1,'COM0000',NULL,NULL);
    
INSERT INTO COMMONS_TBL(GRP_ID,COM_ID,COM_NAME,COM_LVL,PARENT_ID,EXTRA_INFO1,EXTRA_INFO2)
    VALUES('GRP003','COM0203','아르차흐 공화국',1,'COM0000',NULL,NULL);
    
INSERT INTO COMMONS_TBL(GRP_ID,COM_ID,COM_NAME,COM_LVL,PARENT_ID,EXTRA_INFO1,EXTRA_INFO2)
    VALUES('GRP003','COM0204','압하지야',1,'COM0000',NULL,NULL);
    
INSERT INTO COMMONS_TBL(GRP_ID,COM_ID,COM_NAME,COM_LVL,PARENT_ID,EXTRA_INFO1,EXTRA_INFO2)
    VALUES('GRP003','COM0205','코소보',1,'COM0000',NULL,NULL);
    
INSERT INTO COMMONS_TBL(GRP_ID,COM_ID,COM_NAME,COM_LVL,PARENT_ID,EXTRA_INFO1,EXTRA_INFO2)
    VALUES('GRP003','COM0206','트란스니스트리아',1,'COM0000',NULL,NULL);
    


--##배급사 코드 AGENCY
INSERT INTO COMMONS_TBL(GRP_ID,COM_ID,COM_NAME,COM_LVL,PARENT_ID,EXTRA_INFO1,EXTRA_INFO2)
VALUES('GRP004','COM0000','배급사 코드',0,'COM0000',NULL,NULL);

INSERT INTO COMMONS_TBL(GRP_ID,COM_ID,COM_NAME,COM_LVL,PARENT_ID,EXTRA_INFO1,EXTRA_INFO2)
VALUES('GRP004','COM0001','소니 픽쳐스',1,'COM0000',NULL,NULL);

INSERT INTO COMMONS_TBL(GRP_ID,COM_ID,COM_NAME,COM_LVL,PARENT_ID,EXTRA_INFO1,EXTRA_INFO2)
VALUES('GRP004','COM0002','위너브라더스',1,'COM0000',NULL,NULL);

INSERT INTO COMMONS_TBL(GRP_ID,COM_ID,COM_NAME,COM_LVL,PARENT_ID,EXTRA_INFO1,EXTRA_INFO2)
VALUES('GRP004','COM0003','대원미디어',1,'COM0000',NULL,NULL);

INSERT INTO COMMONS_TBL(GRP_ID,COM_ID,COM_NAME,COM_LVL,PARENT_ID,EXTRA_INFO1,EXTRA_INFO2)
VALUES('GRP004','COM0004','월트 디즈니 컴퍼니',1,'COM0000',NULL,NULL);

INSERT INTO COMMONS_TBL(GRP_ID,COM_ID,COM_NAME,COM_LVL,PARENT_ID,EXTRA_INFO1,EXTRA_INFO2)
VALUES('GRP004','COM0005','유니버설 픽쳐스',1,'COM0000',NULL,NULL);

INSERT INTO COMMONS_TBL(GRP_ID,COM_ID,COM_NAME,COM_LVL,PARENT_ID,EXTRA_INFO1,EXTRA_INFO2)
VALUES('GRP004','COM0006','누리픽쳐스',1,'COM0000',NULL,NULL);

INSERT INTO COMMONS_TBL(GRP_ID,COM_ID,COM_NAME,COM_LVL,PARENT_ID,EXTRA_INFO1,EXTRA_INFO2)
VALUES('GRP004','COM0007','올스타엔터테인',1,'COM0000',NULL,NULL);

INSERT INTO COMMONS_TBL(GRP_ID,COM_ID,COM_NAME,COM_LVL,PARENT_ID,EXTRA_INFO1,EXTRA_INFO2)
VALUES('GRP004','COM0008','그린나래미디어',1,'COM0000',NULL,NULL);

INSERT INTO COMMONS_TBL(GRP_ID,COM_ID,COM_NAME,COM_LVL,PARENT_ID,EXTRA_INFO1,EXTRA_INFO2)
VALUES('GRP004','COM0009','CJ ENM',1,'COM0000',NULL,NULL);

INSERT INTO COMMONS_TBL(GRP_ID,COM_ID,COM_NAME,COM_LVL,PARENT_ID,EXTRA_INFO1,EXTRA_INFO2)
VALUES('GRP004','COM0010','롯데엔터테인먼트',1,'COM0000',NULL,NULL);

INSERT INTO COMMONS_TBL(GRP_ID,COM_ID,COM_NAME,COM_LVL,PARENT_ID,EXTRA_INFO1,EXTRA_INFO2)
VALUES('GRP004','COM0011','쇼박스',1,'COM0000',NULL,NULL);


--##상영관 타입 코드 TH_TYPE
INSERT INTO COMMONS_TBL(GRP_ID,COM_ID,COM_NAME,COM_LVL,PARENT_ID,EXTRA_INFO1,EXTRA_INFO2)
VALUES('GRP005','COM0000','상영관 타입 코드',0,'COM0000',NULL,NULL);

INSERT INTO COMMONS_TBL(GRP_ID,COM_ID,COM_NAME,COM_LVL,PARENT_ID,EXTRA_INFO1,EXTRA_INFO2)
VALUES('GRP005','COM0001','2D',1,'COM0000',NULL,NULL);

INSERT INTO COMMONS_TBL(GRP_ID,COM_ID,COM_NAME,COM_LVL,PARENT_ID,EXTRA_INFO1,EXTRA_INFO2)
VALUES('GRP005','COM0002','3D',1,'COM0000',NULL,NULL);

INSERT INTO COMMONS_TBL(GRP_ID,COM_ID,COM_NAME,COM_LVL,PARENT_ID,EXTRA_INFO1,EXTRA_INFO2)
VALUES('GRP005','COM0003','4DX',1,'COM0000',NULL,NULL);

INSERT INTO COMMONS_TBL(GRP_ID,COM_ID,COM_NAME,COM_LVL,PARENT_ID,EXTRA_INFO1,EXTRA_INFO2)
VALUES('GRP005','COM0004','싱어롱',1,'COM0000',NULL,NULL);

INSERT INTO COMMONS_TBL(GRP_ID,COM_ID,COM_NAME,COM_LVL,PARENT_ID,EXTRA_INFO1,EXTRA_INFO2)
VALUES('GRP005','COM0005','리클라이너',1,'COM0000',NULL,NULL);


--##지불 방법 코드 PAY_METHOD
INSERT INTO COMMONS_TBL(GRP_ID,COM_ID,COM_NAME,COM_LVL,PARENT_ID,EXTRA_INFO1,EXTRA_INFO2)
VALUES('GRP006','COM0000','지불 방법 코드',0,'COM0000',NULL,NULL);

INSERT INTO COMMONS_TBL(GRP_ID,COM_ID,COM_NAME,COM_LVL,PARENT_ID,EXTRA_INFO1,EXTRA_INFO2)
VALUES('GRP006','COM0001','현금',1,'COM0000',NULL,NULL);

INSERT INTO COMMONS_TBL(GRP_ID,COM_ID,COM_NAME,COM_LVL,PARENT_ID,EXTRA_INFO1,EXTRA_INFO2)
VALUES('GRP006','COM0002','카드',1,'COM0000',NULL,NULL);

INSERT INTO COMMONS_TBL(GRP_ID,COM_ID,COM_NAME,COM_LVL,PARENT_ID,EXTRA_INFO1,EXTRA_INFO2)
VALUES('GRP006','COM0003','포인트',1,'COM0000',NULL,NULL);



--##할인 종류 코드 DC_TYPE
--EXTRA_INFO1  'P'는 퍼센트 할인, 'A'는 원단위 할인
--EXTRA_INFO2  할인율(또는 할인액)
--EXTRA_INFO3  할인 시작 날짜
--EXTRA_INFO4  할인 끝나는 날짜
INSERT INTO COMMONS_TBL(GRP_ID,COM_ID,COM_NAME,COM_LVL,PARENT_ID,EXTRA_INFO1,EXTRA_INFO2,EXTRA_INFO3,EXTRA_INFO4)
VALUES('GRP007','COM0000','할인 종류 코드',0,'COM0000',NULL,NULL,NULL,NULL);

INSERT INTO COMMONS_TBL(GRP_ID,COM_ID,COM_NAME,COM_LVL,PARENT_ID,EXTRA_INFO1,EXTRA_INFO2,EXTRA_INFO3,EXTRA_INFO4)
VALUES('GRP007','COM0001','카드사 할인',1,'COM0000',NULL,NULL,NULL,NULL);

INSERT INTO COMMONS_TBL(GRP_ID,COM_ID,COM_NAME,COM_LVL,PARENT_ID,EXTRA_INFO1,EXTRA_INFO2,EXTRA_INFO3,EXTRA_INFO4)
VALUES('GRP007','COM0002','통신사 할인',1,'COM0000',NULL,NULL,NULL,NULL);

INSERT INTO COMMONS_TBL(GRP_ID,COM_ID,COM_NAME,COM_LVL,PARENT_ID,EXTRA_INFO1,EXTRA_INFO2,EXTRA_INFO3,EXTRA_INFO4)
VALUES('GRP007','COM0003','데이 할인',1,'COM0000',NULL,NULL,NULL,NULL);

INSERT INTO COMMONS_TBL(GRP_ID,COM_ID,COM_NAME,COM_LVL,PARENT_ID,EXTRA_INFO1,EXTRA_INFO2,EXTRA_INFO3,EXTRA_INFO4)
VALUES('GRP007','COM0004','시간대 할인',1,'COM0000',NULL,NULL,NULL,NULL);

INSERT INTO COMMONS_TBL(GRP_ID,COM_ID,COM_NAME,COM_LVL,PARENT_ID,EXTRA_INFO1,EXTRA_INFO2,EXTRA_INFO3,EXTRA_INFO4)
VALUES('GRP007','COM0005','BC카드 할인',2,'COM0001','P','3','20220325','20220630');

INSERT INTO COMMONS_TBL(GRP_ID,COM_ID,COM_NAME,COM_LVL,PARENT_ID,EXTRA_INFO1,EXTRA_INFO2,EXTRA_INFO3,EXTRA_INFO4)
VALUES('GRP007','COM0006','KB국민카드 할인',2,'COM0001','P','3','20220325','20220630');

INSERT INTO COMMONS_TBL(GRP_ID,COM_ID,COM_NAME,COM_LVL,PARENT_ID,EXTRA_INFO1,EXTRA_INFO2,EXTRA_INFO3,EXTRA_INFO4)
VALUES('GRP007','COM0007','신한카드 할인',2,'COM0001','P','3','20220325','20220630');

INSERT INTO COMMONS_TBL(GRP_ID,COM_ID,COM_NAME,COM_LVL,PARENT_ID,EXTRA_INFO1,EXTRA_INFO2,EXTRA_INFO3,EXTRA_INFO4)
VALUES('GRP007','COM0008','SKT 통신사 할인',2,'COM0002','P','3','20220325','20221231');

INSERT INTO COMMONS_TBL(GRP_ID,COM_ID,COM_NAME,COM_LVL,PARENT_ID,EXTRA_INFO1,EXTRA_INFO2,EXTRA_INFO3,EXTRA_INFO4)
VALUES('GRP007','COM0009','KT 통신사 할인',2,'COM0002','P','3','20220325','20221231');

INSERT INTO COMMONS_TBL(GRP_ID,COM_ID,COM_NAME,COM_LVL,PARENT_ID,EXTRA_INFO1,EXTRA_INFO2,EXTRA_INFO3,EXTRA_INFO4)
VALUES('GRP007','COM0010','LG 통신사 할인',2,'COM0002','P','3','20220325','20221231');

INSERT INTO COMMONS_TBL(GRP_ID,COM_ID,COM_NAME,COM_LVL,PARENT_ID,EXTRA_INFO1,EXTRA_INFO2,EXTRA_INFO3,EXTRA_INFO4)
VALUES('GRP007','COM0011','발렌타인 데이 할인',2,'COM0003','P','5','20220214','20220214');

INSERT INTO COMMONS_TBL(GRP_ID,COM_ID,COM_NAME,COM_LVL,PARENT_ID,EXTRA_INFO1,EXTRA_INFO2,EXTRA_INFO3,EXTRA_INFO4)
VALUES('GRP007','COM0012','어린이날 할인',2,'COM0003','P','5','20220505','20220505');

INSERT INTO COMMONS_TBL(GRP_ID,COM_ID,COM_NAME,COM_LVL,PARENT_ID,EXTRA_INFO1,EXTRA_INFO2,EXTRA_INFO3,EXTRA_INFO4)
VALUES('GRP007','COM0013','추석 할인',2,'COM0003','P','5','20220909','20220912');

INSERT INTO COMMONS_TBL(GRP_ID,COM_ID,COM_NAME,COM_LVL,PARENT_ID,EXTRA_INFO1,EXTRA_INFO2,EXTRA_INFO3,EXTRA_INFO4)
VALUES('GRP007','COM0014','조조 할인',2,'COM0004','A','3000','20220325','20221231');

INSERT INTO COMMONS_TBL(GRP_ID,COM_ID,COM_NAME,COM_LVL,PARENT_ID,EXTRA_INFO1,EXTRA_INFO2,EXTRA_INFO3,EXTRA_INFO4)
VALUES('GRP007','COM0015','심야 할인',2,'COM0004','A','3000','20220325','20221231');

INSERT INTO COMMONS_TBL(GRP_ID,COM_ID,COM_NAME,COM_LVL,PARENT_ID,EXTRA_INFO1,EXTRA_INFO2,EXTRA_INFO3,EXTRA_INFO4)
VALUES('GRP007','COM0016','직업 할인',1,'COM0000',NULL,NULL,NULL,NULL);

INSERT INTO COMMONS_TBL(GRP_ID,COM_ID,COM_NAME,COM_LVL,PARENT_ID,EXTRA_INFO1,EXTRA_INFO2,EXTRA_INFO3,EXTRA_INFO4)
VALUES('GRP007','COM0017','군인 할인',2,'COM0016','P','3','20220325','20221231');

INSERT INTO COMMONS_TBL(GRP_ID,COM_ID,COM_NAME,COM_LVL,PARENT_ID,EXTRA_INFO1,EXTRA_INFO2,EXTRA_INFO3,EXTRA_INFO4)
VALUES('GRP007','COM0018','청소년 할인',2,'COM0016','P','3','20220325','20221231');

INSERT INTO COMMONS_TBL(GRP_ID,COM_ID,COM_NAME,COM_LVL,PARENT_ID,EXTRA_INFO1,EXTRA_INFO2,EXTRA_INFO3,EXTRA_INFO4)
VALUES('GRP007','COM0019','등급 할인',1,'COM0000',NULL,NULL,NULL,NULL);

INSERT INTO COMMONS_TBL(GRP_ID,COM_ID,COM_NAME,COM_LVL,PARENT_ID,EXTRA_INFO1,EXTRA_INFO2,EXTRA_INFO3,EXTRA_INFO4)
VALUES('GRP007','COM0020','실버 할인',2,'COM0019','P','1','20220325','20221231');

INSERT INTO COMMONS_TBL(GRP_ID,COM_ID,COM_NAME,COM_LVL,PARENT_ID,EXTRA_INFO1,EXTRA_INFO2,EXTRA_INFO3,EXTRA_INFO4)
VALUES('GRP007','COM0021','골드 할인',2,'COM0019','P','2','20220325','20221231');

INSERT INTO COMMONS_TBL(GRP_ID,COM_ID,COM_NAME,COM_LVL,PARENT_ID,EXTRA_INFO1,EXTRA_INFO2,EXTRA_INFO3,EXTRA_INFO4)
VALUES('GRP007','COM0022','다이아몬드 할인',2,'COM0019','P','3','20220325','20221231');

INSERT INTO COMMONS_TBL(GRP_ID,COM_ID,COM_NAME,COM_LVL,PARENT_ID,EXTRA_INFO1,EXTRA_INFO2,EXTRA_INFO3,EXTRA_INFO4)
VALUES('GRP007','COM0023','레드 다이아몬드 할인',2,'COM0019','P','4','20220325','20221231');

INSERT INTO COMMONS_TBL(GRP_ID,COM_ID,COM_NAME,COM_LVL,PARENT_ID,EXTRA_INFO1,EXTRA_INFO2,EXTRA_INFO3,EXTRA_INFO4)
VALUES('GRP007','COM0024','핑크 다이아몬드 할인',2,'COM0019','P','5','20220325','20221231');

INSERT INTO COMMONS_TBL(GRP_ID,COM_ID,COM_NAME,COM_LVL,PARENT_ID, EXTRA_INFO2)
VALUES('GRP007','COM0025','할인 선택 안함',1,'COM0000','0');


--## 영화 장르 코드 GENRE
INSERT INTO COMMONS_TBL(GRP_ID,COM_ID,COM_NAME,COM_LVL,PARENT_ID,EXTRA_INFO1,EXTRA_INFO2,EXTRA_INFO3,EXTRA_INFO4)
VALUES('GRP008','COM0000','장르',0,'COM0000',NULL,NULL,NULL,NULL);

INSERT INTO COMMONS_TBL(GRP_ID,COM_ID,COM_NAME,COM_LVL,PARENT_ID,EXTRA_INFO1,EXTRA_INFO2,EXTRA_INFO3,EXTRA_INFO4)
VALUES('GRP008','COM0001','드라마',1,'COM0000',NULL,NULL,NULL,NULL);

INSERT INTO COMMONS_TBL(GRP_ID,COM_ID,COM_NAME,COM_LVL,PARENT_ID,EXTRA_INFO1,EXTRA_INFO2,EXTRA_INFO3,EXTRA_INFO4)
VALUES('GRP008','COM0002','멜로',1,'COM0000',NULL,NULL,NULL,NULL);

INSERT INTO COMMONS_TBL(GRP_ID,COM_ID,COM_NAME,COM_LVL,PARENT_ID,EXTRA_INFO1,EXTRA_INFO2,EXTRA_INFO3,EXTRA_INFO4)
VALUES('GRP008','COM0003','코디미',1,'COM0000',NULL,NULL,NULL,NULL);

INSERT INTO COMMONS_TBL(GRP_ID,COM_ID,COM_NAME,COM_LVL,PARENT_ID,EXTRA_INFO1,EXTRA_INFO2,EXTRA_INFO3,EXTRA_INFO4)
VALUES('GRP008','COM0004','로멘틱 코미디',1,'COM0000',NULL,NULL,NULL,NULL);

INSERT INTO COMMONS_TBL(GRP_ID,COM_ID,COM_NAME,COM_LVL,PARENT_ID,EXTRA_INFO1,EXTRA_INFO2,EXTRA_INFO3,EXTRA_INFO4)
VALUES('GRP008','COM0005','액션',1,'COM0000',NULL,NULL,NULL,NULL);

INSERT INTO COMMONS_TBL(GRP_ID,COM_ID,COM_NAME,COM_LVL,PARENT_ID,EXTRA_INFO1,EXTRA_INFO2,EXTRA_INFO3,EXTRA_INFO4)
VALUES('GRP008','COM0006','공포',1,'COM0000',NULL,NULL,NULL,NULL);

INSERT INTO COMMONS_TBL(GRP_ID,COM_ID,COM_NAME,COM_LVL,PARENT_ID,EXTRA_INFO1,EXTRA_INFO2,EXTRA_INFO3,EXTRA_INFO4)
VALUES('GRP008','COM0007','스릴러',1,'COM0000',NULL,NULL,NULL,NULL);

INSERT INTO COMMONS_TBL(GRP_ID,COM_ID,COM_NAME,COM_LVL,PARENT_ID,EXTRA_INFO1,EXTRA_INFO2,EXTRA_INFO3,EXTRA_INFO4)
VALUES('GRP008','COM0008','판타지',1,'COM0000',NULL,NULL,NULL,NULL);

INSERT INTO COMMONS_TBL(GRP_ID,COM_ID,COM_NAME,COM_LVL,PARENT_ID,EXTRA_INFO1,EXTRA_INFO2,EXTRA_INFO3,EXTRA_INFO4)
VALUES('GRP008','COM0009','SF',1,'COM0000',NULL,NULL,NULL,NULL);

INSERT INTO COMMONS_TBL(GRP_ID,COM_ID,COM_NAME,COM_LVL,PARENT_ID,EXTRA_INFO1,EXTRA_INFO2,EXTRA_INFO3,EXTRA_INFO4)
VALUES('GRP008','COM0010','미스테리',1,'COM0000',NULL,NULL,NULL,NULL);                     

INSERT INTO COMMONS_TBL(GRP_ID,COM_ID,COM_NAME,COM_LVL,PARENT_ID,EXTRA_INFO1,EXTRA_INFO2,EXTRA_INFO3,EXTRA_INFO4)
VALUES('GRP008','COM0011','가족',1,'COM0000',NULL,NULL,NULL,NULL);

INSERT INTO COMMONS_TBL(GRP_ID,COM_ID,COM_NAME,COM_LVL,PARENT_ID,EXTRA_INFO1,EXTRA_INFO2,EXTRA_INFO3,EXTRA_INFO4)
VALUES('GRP008','COM0012','모험',1,'COM0000',NULL,NULL,NULL,NULL);

INSERT INTO COMMONS_TBL(GRP_ID,COM_ID,COM_NAME,COM_LVL,PARENT_ID,EXTRA_INFO1,EXTRA_INFO2,EXTRA_INFO3,EXTRA_INFO4)
VALUES('GRP008','COM0013','범죄',1,'COM0000',NULL,NULL,NULL,NULL);

INSERT INTO COMMONS_TBL(GRP_ID,COM_ID,COM_NAME,COM_LVL,PARENT_ID,EXTRA_INFO1,EXTRA_INFO2,EXTRA_INFO3,EXTRA_INFO4)
VALUES('GRP008','COM0014','시대극',1,'COM0000',NULL,NULL,NULL,NULL);

INSERT INTO COMMONS_TBL(GRP_ID,COM_ID,COM_NAME,COM_LVL,PARENT_ID,EXTRA_INFO1,EXTRA_INFO2,EXTRA_INFO3,EXTRA_INFO4)
VALUES('GRP008','COM0015','애니메이션',1,'COM0000',NULL,NULL,NULL,NULL);

INSERT INTO COMMONS_TBL(GRP_ID,COM_ID,COM_NAME,COM_LVL,PARENT_ID,EXTRA_INFO1,EXTRA_INFO2,EXTRA_INFO3,EXTRA_INFO4)
VALUES('GRP008','COM0016','전쟁',1,'COM0000',NULL,NULL,NULL,NULL);

INSERT INTO COMMONS_TBL(GRP_ID,COM_ID,COM_NAME,COM_LVL,PARENT_ID,EXTRA_INFO1,EXTRA_INFO2,EXTRA_INFO3,EXTRA_INFO4)
VALUES('GRP008','COM0017','스포츠',1,'COM0000',NULL,NULL,NULL,NULL);

--공통 코드 테이블 끝


--@@@
--고객 테이블 시작
CREATE TABLE USER_TBL
(
U_ID			VARCHAR2(30)		PRIMARY KEY,  --  고객 아이디
U_NAME			VARCHAR2(30)		NULL,  -- 고객 이름
U_AGE			NUMBER(3)			NULL, -- 고객 나이
U_TEL			VARCHAR2(20)		NULL, -- 고객 전화번호
U_GENDER			CHAR(1)			NULL, -- M 남자, F 여자
U_POINT			NUMBER(8)			NULL, -- 고객 포인트
U_GUBUN			NUMBER(1)			NOT NULL, -- 1 회원, 2 비회원
U_GRADE_GRP		CHAR(6)			NULL, -- 고객 등급 그룹코드
U_GRADE			CHAR(7)			NULL -- 고객 등급
)
;

INSERT INTO USER_TBL(U_ID,U_NAME,U_AGE,U_TEL,U_GENDER,U_POINT,U_GUBUN,U_GRADE_GRP,U_GRADE)
VALUES('USER0001','이정화','24','010-1111-1111','F',0,1,'GRP002','COM0003');

INSERT INTO USER_TBL(U_ID,U_NAME,U_AGE,U_TEL,U_GENDER,U_POINT,U_GUBUN,U_GRADE_GRP,U_GRADE)
VALUES('USER0002','박진교','27','010-2222-2222','M',0,1,'GRP002','COM0002');

INSERT INTO USER_TBL(U_ID,U_NAME,U_AGE,U_TEL,U_GENDER,U_POINT,U_GUBUN,U_GRADE_GRP,U_GRADE)
VALUES('USER0003','안선미','23','010-3333-3333','F',0,1,'GRP002','COM0004');

INSERT INTO USER_TBL(U_ID,U_NAME,U_AGE,U_TEL,U_GENDER,U_POINT,U_GUBUN,U_GRADE_GRP,U_GRADE)
VALUES('USER0004','전인호','24','010-4444-4444','M',0,1,'GRP002','COM0002');

INSERT INTO USER_TBL(U_ID,U_NAME,U_AGE,U_TEL,U_GENDER,U_POINT,U_GUBUN,U_GRADE_GRP,U_GRADE)
VALUES('GUEST0001',NULL,NULL,NULL,NULL,NULL,2,NULL,NULL);

INSERT INTO USER_TBL(U_ID,U_NAME,U_AGE,U_TEL,U_GENDER,U_POINT,U_GUBUN,U_GRADE_GRP,U_GRADE)
VALUES('themeyoung4134','김규민','12','010-4337-8495','M',0,1,'GRP002','COM0001');
    
INSERT INTO USER_TBL(U_ID,U_NAME,U_AGE,U_TEL,U_GENDER,U_POINT,U_GUBUN,U_GRADE_GRP,U_GRADE)
VALUES('heartguest9557','임이준','34','010-2570-7900','F',0,1,'GRP002','COM0003');
    
INSERT INTO USER_TBL(U_ID,U_NAME,U_AGE,U_TEL,U_GENDER,U_POINT,U_GUBUN,U_GRADE_GRP,U_GRADE)
VALUES('beginspeed4768','윤한결','35','010-4865-2944','M',0,1,'GRP002','COM0001');
    
INSERT INTO USER_TBL(U_ID,U_NAME,U_AGE,U_TEL,U_GENDER,U_POINT,U_GUBUN,U_GRADE_GRP,U_GRADE)
VALUES('heartwoman2877','이준혁','46','010-8598-9491','F',0,1,'GRP002','COM0001');
    
INSERT INTO USER_TBL(U_ID,U_NAME,U_AGE,U_TEL,U_GENDER,U_POINT,U_GUBUN,U_GRADE_GRP,U_GRADE)
VALUES('lightshock1180','장수연','47','010-9677-1252','M',0,1,'GRP002','COM0004');
    
INSERT INTO USER_TBL(U_ID,U_NAME,U_AGE,U_TEL,U_GENDER,U_POINT,U_GUBUN,U_GRADE_GRP,U_GRADE)
VALUES('crimeupset7543','박예서','31','010-6323-4890','M',0,1,'GRP002','COM0002');
    
INSERT INTO USER_TBL(U_ID,U_NAME,U_AGE,U_TEL,U_GENDER,U_POINT,U_GUBUN,U_GRADE_GRP,U_GRADE)
VALUES('speeddrink6770','이민재','52','010-1764-5598','F',0,1,'GRP002','COM0001');
    
INSERT INTO USER_TBL(U_ID,U_NAME,U_AGE,U_TEL,U_GENDER,U_POINT,U_GUBUN,U_GRADE_GRP,U_GRADE)
VALUES('sincewheel2398','강하민','47','010-9900-0425','F',0,1,'GRP002','COM0004');
    
INSERT INTO USER_TBL(U_ID,U_NAME,U_AGE,U_TEL,U_GENDER,U_POINT,U_GUBUN,U_GRADE_GRP,U_GRADE)
VALUES('stonechair0436','윤나윤','10','010-4386-4201','F',0,1,'GRP002','COM0004');
    
INSERT INTO USER_TBL(U_ID,U_NAME,U_AGE,U_TEL,U_GENDER,U_POINT,U_GUBUN,U_GRADE_GRP,U_GRADE)
VALUES('matchbasic5899','박은찬','15','010-2089-9907','F',0,1,'GRP002','COM0002');
    
INSERT INTO USER_TBL(U_ID,U_NAME,U_AGE,U_TEL,U_GENDER,U_POINT,U_GUBUN,U_GRADE_GRP,U_GRADE)
VALUES('oceanhuman9716','송율','11','010-0135-4607','M',0,1,'GRP002','COM0001');
    
INSERT INTO USER_TBL(U_ID,U_NAME,U_AGE,U_TEL,U_GENDER,U_POINT,U_GUBUN,U_GRADE_GRP,U_GRADE)
VALUES('forcelight5789','이성준','33','010-8919-9793','F',0,1,'GRP002','COM0002');
    
INSERT INTO USER_TBL(U_ID,U_NAME,U_AGE,U_TEL,U_GENDER,U_POINT,U_GUBUN,U_GRADE_GRP,U_GRADE)
VALUES('existblack6755','조준호','31','010-4788-5752','F',0,1,'GRP002','COM0001');
    
INSERT INTO USER_TBL(U_ID,U_NAME,U_AGE,U_TEL,U_GENDER,U_POINT,U_GUBUN,U_GRADE_GRP,U_GRADE)
VALUES('roundmovie5481','유예림','31','010-6433-9169','F',0,1,'GRP002','COM0004');
    
INSERT INTO USER_TBL(U_ID,U_NAME,U_AGE,U_TEL,U_GENDER,U_POINT,U_GUBUN,U_GRADE_GRP,U_GRADE)
VALUES('sportplant0387','이정민','39','010-3353-1064','M',0,1,'GRP002','COM0001');
    
INSERT INTO USER_TBL(U_ID,U_NAME,U_AGE,U_TEL,U_GENDER,U_POINT,U_GUBUN,U_GRADE_GRP,U_GRADE)
VALUES('tiredcheap2745','장민석','25','010-5691-0139','M',0,1,'GRP002','COM0004');
    
INSERT INTO USER_TBL(U_ID,U_NAME,U_AGE,U_TEL,U_GENDER,U_POINT,U_GUBUN,U_GRADE_GRP,U_GRADE)
VALUES('shortstart5527','송아윤','40','010-4267-4980','F',0,1,'GRP002','COM0003');
    
INSERT INTO USER_TBL(U_ID,U_NAME,U_AGE,U_TEL,U_GENDER,U_POINT,U_GUBUN,U_GRADE_GRP,U_GRADE)
VALUES('classteach8811','김채린','51','010-0659-4125','M',0,1,'GRP002','COM0001');
    
INSERT INTO USER_TBL(U_ID,U_NAME,U_AGE,U_TEL,U_GENDER,U_POINT,U_GUBUN,U_GRADE_GRP,U_GRADE)
VALUES('guesstaste5117','송윤호','17','010-0081-4707','F',0,1,'GRP002','COM0003');
    
INSERT INTO USER_TBL(U_ID,U_NAME,U_AGE,U_TEL,U_GENDER,U_POINT,U_GUBUN,U_GRADE_GRP,U_GRADE)
VALUES('partystill3627','윤서아','10','010-9082-7137','M',0,1,'GRP002','COM0001');
    
INSERT INTO USER_TBL(U_ID,U_NAME,U_AGE,U_TEL,U_GENDER,U_POINT,U_GUBUN,U_GRADE_GRP,U_GRADE)
VALUES('trainlarge0352','임승현','40','010-7109-5279','F',0,1,'GRP002','COM0002');
    
INSERT INTO USER_TBL(U_ID,U_NAME,U_AGE,U_TEL,U_GENDER,U_POINT,U_GUBUN,U_GRADE_GRP,U_GRADE)
VALUES('dreamstart4976','조시윤','25','010-6419-5232','F',0,1,'GRP002','COM0001');
    
INSERT INTO USER_TBL(U_ID,U_NAME,U_AGE,U_TEL,U_GENDER,U_POINT,U_GUBUN,U_GRADE_GRP,U_GRADE)
VALUES('wholepride8527','장시온','42','010-3423-2186','F',0,1,'GRP002','COM0002');
    
INSERT INTO USER_TBL(U_ID,U_NAME,U_AGE,U_TEL,U_GENDER,U_POINT,U_GUBUN,U_GRADE_GRP,U_GRADE)
VALUES('skillguess3840','박예은','44','010-3806-3601','M',0,1,'GRP002','COM0003');
    
INSERT INTO USER_TBL(U_ID,U_NAME,U_AGE,U_TEL,U_GENDER,U_POINT,U_GUBUN,U_GRADE_GRP,U_GRADE)
VALUES('leveltired8273','정나윤','39','010-9866-7067','F',0,1,'GRP002','COM0001');
    
INSERT INTO USER_TBL(U_ID,U_NAME,U_AGE,U_TEL,U_GENDER,U_POINT,U_GUBUN,U_GRADE_GRP,U_GRADE)
VALUES('thankriver6596','윤성민','30','010-4897-3903','M',0,1,'GRP002','COM0002');
    
INSERT INTO USER_TBL(U_ID,U_NAME,U_AGE,U_TEL,U_GENDER,U_POINT,U_GUBUN,U_GRADE_GRP,U_GRADE)
VALUES('untilbelow4265','최소윤','38','010-7627-2434','F',0,1,'GRP002','COM0004');
    
INSERT INTO USER_TBL(U_ID,U_NAME,U_AGE,U_TEL,U_GENDER,U_POINT,U_GUBUN,U_GRADE_GRP,U_GRADE)
VALUES('quickbread6446','유민호','39','010-8795-6459','M',0,1,'GRP002','COM0003');
    
INSERT INTO USER_TBL(U_ID,U_NAME,U_AGE,U_TEL,U_GENDER,U_POINT,U_GUBUN,U_GRADE_GRP,U_GRADE)
VALUES('printearly2669','정서윤','17','010-7333-3186','M',0,1,'GRP002','COM0004');
    
INSERT INTO USER_TBL(U_ID,U_NAME,U_AGE,U_TEL,U_GENDER,U_POINT,U_GUBUN,U_GRADE_GRP,U_GRADE)
VALUES('breaktotal1936','송하율','38','010-9973-4755','F',0,1,'GRP002','COM0001');
    
INSERT INTO USER_TBL(U_ID,U_NAME,U_AGE,U_TEL,U_GENDER,U_POINT,U_GUBUN,U_GRADE_GRP,U_GRADE)
VALUES('placefresh1767','김소연','28','010-6292-9440','M',0,1,'GRP002','COM0002');
    
INSERT INTO USER_TBL(U_ID,U_NAME,U_AGE,U_TEL,U_GENDER,U_POINT,U_GUBUN,U_GRADE_GRP,U_GRADE)
VALUES('breakoften8422','최지환','45','010-8728-0891','M',0,1,'GRP002','COM0002');
    
INSERT INTO USER_TBL(U_ID,U_NAME,U_AGE,U_TEL,U_GENDER,U_POINT,U_GUBUN,U_GRADE_GRP,U_GRADE)
VALUES('heartpride2242','정정현','47','010-9297-2866','F',0,1,'GRP002','COM0004');
    
INSERT INTO USER_TBL(U_ID,U_NAME,U_AGE,U_TEL,U_GENDER,U_POINT,U_GUBUN,U_GRADE_GRP,U_GRADE)
VALUES('planttoday9463','임도연','27','010-2125-2010','F',0,1,'GRP002','COM0001');
    
INSERT INTO USER_TBL(U_ID,U_NAME,U_AGE,U_TEL,U_GENDER,U_POINT,U_GUBUN,U_GRADE_GRP,U_GRADE)
VALUES('storymouse8863','박정우','46','010-2549-9844','M',0,1,'GRP002','COM0002');
    
INSERT INTO USER_TBL(U_ID,U_NAME,U_AGE,U_TEL,U_GENDER,U_POINT,U_GUBUN,U_GRADE_GRP,U_GRADE)
VALUES('shirtchair0824','이시윤','38','010-8596-5932','M',0,1,'GRP002','COM0002');
    
INSERT INTO USER_TBL(U_ID,U_NAME,U_AGE,U_TEL,U_GENDER,U_POINT,U_GUBUN,U_GRADE_GRP,U_GRADE)
VALUES('housemagic4638','유성민','40','010-1699-1636','M',0,1,'GRP002','COM0003');
    
INSERT INTO USER_TBL(U_ID,U_NAME,U_AGE,U_TEL,U_GENDER,U_POINT,U_GUBUN,U_GRADE_GRP,U_GRADE)
VALUES('thirdenjoy2061','조민채','50','010-5510-1620','F',0,1,'GRP002','COM0004');
    
INSERT INTO USER_TBL(U_ID,U_NAME,U_AGE,U_TEL,U_GENDER,U_POINT,U_GUBUN,U_GRADE_GRP,U_GRADE)
VALUES('todaybuild6372','김채원','32','010-6725-5019','M',0,1,'GRP002','COM0001');
    
INSERT INTO USER_TBL(U_ID,U_NAME,U_AGE,U_TEL,U_GENDER,U_POINT,U_GUBUN,U_GRADE_GRP,U_GRADE)
VALUES('readytrain0978','정예린','13','010-0273-3712','M',0,1,'GRP002','COM0002');
    
INSERT INTO USER_TBL(U_ID,U_NAME,U_AGE,U_TEL,U_GENDER,U_POINT,U_GUBUN,U_GRADE_GRP,U_GRADE)
VALUES('sporthappy8816','이다은','46','010-7286-3587','M',0,1,'GRP002','COM0001');
    
INSERT INTO USER_TBL(U_ID,U_NAME,U_AGE,U_TEL,U_GENDER,U_POINT,U_GUBUN,U_GRADE_GRP,U_GRADE)
VALUES('entershare2321','임연우','15','010-5421-2410','M',0,1,'GRP002','COM0004');
    
INSERT INTO USER_TBL(U_ID,U_NAME,U_AGE,U_TEL,U_GENDER,U_POINT,U_GUBUN,U_GRADE_GRP,U_GRADE)
VALUES('wheelsorry2871','유다은','37','010-0389-1948','F',0,1,'GRP002','COM0002');
    
INSERT INTO USER_TBL(U_ID,U_NAME,U_AGE,U_TEL,U_GENDER,U_POINT,U_GUBUN,U_GRADE_GRP,U_GRADE)
VALUES('thirdimage5957','장준성','49','010-3683-1067','F',0,1,'GRP002','COM0002');
    
INSERT INTO USER_TBL(U_ID,U_NAME,U_AGE,U_TEL,U_GENDER,U_POINT,U_GUBUN,U_GRADE_GRP,U_GRADE)
VALUES('steelmatch4174','장성준','50','010-6627-2745','M',0,1,'GRP002','COM0004');
    
INSERT INTO USER_TBL(U_ID,U_NAME,U_AGE,U_TEL,U_GENDER,U_POINT,U_GUBUN,U_GRADE_GRP,U_GRADE)
VALUES('thankdress3959','임지민','24','010-1092-4632','F',0,1,'GRP002','COM0002');
    
INSERT INTO USER_TBL(U_ID,U_NAME,U_AGE,U_TEL,U_GENDER,U_POINT,U_GUBUN,U_GRADE_GRP,U_GRADE)
VALUES('breakstand8046','조하진','47','010-0742-6002','F',0,1,'GRP002','COM0003');
    
INSERT INTO USER_TBL(U_ID,U_NAME,U_AGE,U_TEL,U_GENDER,U_POINT,U_GUBUN,U_GRADE_GRP,U_GRADE)
VALUES('marchcarry5330','장유진','19','010-2565-0845','F',0,1,'GRP002','COM0002');
    
INSERT INTO USER_TBL(U_ID,U_NAME,U_AGE,U_TEL,U_GENDER,U_POINT,U_GUBUN,U_GRADE_GRP,U_GRADE)
VALUES('mouthwheel4241','송지현','31','010-4704-1083','M',0,1,'GRP002','COM0002');
    
INSERT INTO USER_TBL(U_ID,U_NAME,U_AGE,U_TEL,U_GENDER,U_POINT,U_GUBUN,U_GRADE_GRP,U_GRADE)
VALUES('eventclose6546','유강민','13','010-5923-3327','F',0,1,'GRP002','COM0003');
    
INSERT INTO USER_TBL(U_ID,U_NAME,U_AGE,U_TEL,U_GENDER,U_POINT,U_GUBUN,U_GRADE_GRP,U_GRADE)
VALUES('bloodsense9456','유예원','43','010-5397-7229','F',0,1,'GRP002','COM0001');
    
INSERT INTO USER_TBL(U_ID,U_NAME,U_AGE,U_TEL,U_GENDER,U_POINT,U_GUBUN,U_GRADE_GRP,U_GRADE)
VALUES('mouseframe9426','유시아','13','010-5799-8588','M',0,1,'GRP002','COM0004');
    
INSERT INTO USER_TBL(U_ID,U_NAME,U_AGE,U_TEL,U_GENDER,U_POINT,U_GUBUN,U_GRADE_GRP,U_GRADE)
VALUES('youngplace2008','유민혁','16','010-1289-1343','M',0,1,'GRP002','COM0003');
    
INSERT INTO USER_TBL(U_ID,U_NAME,U_AGE,U_TEL,U_GENDER,U_POINT,U_GUBUN,U_GRADE_GRP,U_GRADE)
VALUES('planeusual1233','장재윤','23','010-9594-2507','F',0,1,'GRP002','COM0002');
    
INSERT INTO USER_TBL(U_ID,U_NAME,U_AGE,U_TEL,U_GENDER,U_POINT,U_GUBUN,U_GRADE_GRP,U_GRADE)
VALUES('tastetight1684','송시연','24','010-6644-0592','F',0,1,'GRP002','COM0001');
    
INSERT INTO USER_TBL(U_ID,U_NAME,U_AGE,U_TEL,U_GENDER,U_POINT,U_GUBUN,U_GRADE_GRP,U_GRADE)
VALUES('basicguess7494','김재윤','33','010-5152-4775','F',0,1,'GRP002','COM0003');
    
INSERT INTO USER_TBL(U_ID,U_NAME,U_AGE,U_TEL,U_GENDER,U_POINT,U_GUBUN,U_GRADE_GRP,U_GRADE)
VALUES('scenestand9085','박승현','35','010-5532-2087','M',0,1,'GRP002','COM0003');
    
INSERT INTO USER_TBL(U_ID,U_NAME,U_AGE,U_TEL,U_GENDER,U_POINT,U_GUBUN,U_GRADE_GRP,U_GRADE)
VALUES('maybereach8711','정시은','29','010-2530-6042','F',0,1,'GRP002','COM0003');
    
INSERT INTO USER_TBL(U_ID,U_NAME,U_AGE,U_TEL,U_GENDER,U_POINT,U_GUBUN,U_GRADE_GRP,U_GRADE)
VALUES('crowdshirt6637','송은우','50','010-4397-3934','F',0,1,'GRP002','COM0003');
    
INSERT INTO USER_TBL(U_ID,U_NAME,U_AGE,U_TEL,U_GENDER,U_POINT,U_GUBUN,U_GRADE_GRP,U_GRADE)
VALUES('twicepeace2446','윤서영','40','010-1642-9314','F',0,1,'GRP002','COM0002');
    
INSERT INTO USER_TBL(U_ID,U_NAME,U_AGE,U_TEL,U_GENDER,U_POINT,U_GUBUN,U_GRADE_GRP,U_GRADE)
VALUES('movieriver1409','이지은','10','010-5719-6959','M',0,1,'GRP002','COM0003');
    
INSERT INTO USER_TBL(U_ID,U_NAME,U_AGE,U_TEL,U_GENDER,U_POINT,U_GUBUN,U_GRADE_GRP,U_GRADE)
VALUES('toughthick2250','송시은','32','010-7815-8686','F',0,1,'GRP002','COM0002');
    
INSERT INTO USER_TBL(U_ID,U_NAME,U_AGE,U_TEL,U_GENDER,U_POINT,U_GUBUN,U_GRADE_GRP,U_GRADE)
VALUES('driveshirt2877','박민준','34','010-8321-4286','M',0,1,'GRP002','COM0003');
    
INSERT INTO USER_TBL(U_ID,U_NAME,U_AGE,U_TEL,U_GENDER,U_POINT,U_GUBUN,U_GRADE_GRP,U_GRADE)
VALUES('emptysmart5217','임민서','21','010-9520-7024','F',0,1,'GRP002','COM0004');
    
INSERT INTO USER_TBL(U_ID,U_NAME,U_AGE,U_TEL,U_GENDER,U_POINT,U_GUBUN,U_GRADE_GRP,U_GRADE)
VALUES('sceneearly8035','송시우','51','010-1154-4211','F',0,1,'GRP002','COM0004');
    
INSERT INTO USER_TBL(U_ID,U_NAME,U_AGE,U_TEL,U_GENDER,U_POINT,U_GUBUN,U_GRADE_GRP,U_GRADE)
VALUES('breadfruit3039','이승민','14','010-2474-3432','F',0,1,'GRP002','COM0001');
    
INSERT INTO USER_TBL(U_ID,U_NAME,U_AGE,U_TEL,U_GENDER,U_POINT,U_GUBUN,U_GRADE_GRP,U_GRADE)
VALUES('roundtouch4812','임강민','36','010-6877-6491','M',0,1,'GRP002','COM0003');
    
INSERT INTO USER_TBL(U_ID,U_NAME,U_AGE,U_TEL,U_GENDER,U_POINT,U_GUBUN,U_GRADE_GRP,U_GRADE)
VALUES('countpeace5356','이건','17','010-8974-5650','M',0,1,'GRP002','COM0004');
    
INSERT INTO USER_TBL(U_ID,U_NAME,U_AGE,U_TEL,U_GENDER,U_POINT,U_GUBUN,U_GRADE_GRP,U_GRADE)
VALUES('wholemagic0404','박채아','54','010-9053-8120','M',0,1,'GRP002','COM0003');
    
INSERT INTO USER_TBL(U_ID,U_NAME,U_AGE,U_TEL,U_GENDER,U_POINT,U_GUBUN,U_GRADE_GRP,U_GRADE)
VALUES('oceanfight0086','김지율','48','010-0542-6372','F',0,1,'GRP002','COM0002');
    
INSERT INTO USER_TBL(U_ID,U_NAME,U_AGE,U_TEL,U_GENDER,U_POINT,U_GUBUN,U_GRADE_GRP,U_GRADE)
VALUES('sweetguess6574','김채윤','26','010-7207-9221','F',0,1,'GRP002','COM0003');
    
INSERT INTO USER_TBL(U_ID,U_NAME,U_AGE,U_TEL,U_GENDER,U_POINT,U_GUBUN,U_GRADE_GRP,U_GRADE)
VALUES('freshunder3003','강우빈','49','010-5509-1037','M',0,1,'GRP002','COM0001');
    
INSERT INTO USER_TBL(U_ID,U_NAME,U_AGE,U_TEL,U_GENDER,U_POINT,U_GUBUN,U_GRADE_GRP,U_GRADE)
VALUES('proudnever2310','유재현','27','010-2607-2307','F',0,1,'GRP002','COM0003');
    
INSERT INTO USER_TBL(U_ID,U_NAME,U_AGE,U_TEL,U_GENDER,U_POINT,U_GUBUN,U_GRADE_GRP,U_GRADE)
VALUES('voicetrust6343','박윤호','54','010-9251-8533','M',0,1,'GRP002','COM0002');
    
INSERT INTO USER_TBL(U_ID,U_NAME,U_AGE,U_TEL,U_GENDER,U_POINT,U_GUBUN,U_GRADE_GRP,U_GRADE)
VALUES('stickstage6786','조채린','45','010-8372-2416','M',0,1,'GRP002','COM0003');
    
INSERT INTO USER_TBL(U_ID,U_NAME,U_AGE,U_TEL,U_GENDER,U_POINT,U_GUBUN,U_GRADE_GRP,U_GRADE)
VALUES('dreamclean5358','장민찬','24','010-4350-9973','M',0,1,'GRP002','COM0003');
    
INSERT INTO USER_TBL(U_ID,U_NAME,U_AGE,U_TEL,U_GENDER,U_POINT,U_GUBUN,U_GRADE_GRP,U_GRADE)
VALUES('styleshort7109','박지우','17','010-7941-3566','M',0,1,'GRP002','COM0004');
    
INSERT INTO USER_TBL(U_ID,U_NAME,U_AGE,U_TEL,U_GENDER,U_POINT,U_GUBUN,U_GRADE_GRP,U_GRADE)
VALUES('closeevent3842','최서우','20','010-5546-9615','F',0,1,'GRP002','COM0001');
    
INSERT INTO USER_TBL(U_ID,U_NAME,U_AGE,U_TEL,U_GENDER,U_POINT,U_GUBUN,U_GRADE_GRP,U_GRADE)
VALUES('peaceenter5614','조연우','33','010-2753-4624','M',0,1,'GRP002','COM0002');
    
INSERT INTO USER_TBL(U_ID,U_NAME,U_AGE,U_TEL,U_GENDER,U_POINT,U_GUBUN,U_GRADE_GRP,U_GRADE)
VALUES('smiletheme6033','박지우','32','010-2275-6028','M',0,1,'GRP002','COM0004');
    
INSERT INTO USER_TBL(U_ID,U_NAME,U_AGE,U_TEL,U_GENDER,U_POINT,U_GUBUN,U_GRADE_GRP,U_GRADE)
VALUES('oftenvisit7160','정채은','32','010-4225-9905','F',0,1,'GRP002','COM0003');
    
INSERT INTO USER_TBL(U_ID,U_NAME,U_AGE,U_TEL,U_GENDER,U_POINT,U_GUBUN,U_GRADE_GRP,U_GRADE)
VALUES('smallstorm4600','임연우','48','010-6888-8520','F',0,1,'GRP002','COM0002');
    
INSERT INTO USER_TBL(U_ID,U_NAME,U_AGE,U_TEL,U_GENDER,U_POINT,U_GUBUN,U_GRADE_GRP,U_GRADE)
VALUES('sorryfront6330','유수빈','46','010-3247-5358','M',0,1,'GRP002','COM0004');
    
INSERT INTO USER_TBL(U_ID,U_NAME,U_AGE,U_TEL,U_GENDER,U_POINT,U_GUBUN,U_GRADE_GRP,U_GRADE)
VALUES('shirtcross0963','장아인','27','010-4161-4667','F',0,1,'GRP002','COM0001');
    
INSERT INTO USER_TBL(U_ID,U_NAME,U_AGE,U_TEL,U_GENDER,U_POINT,U_GUBUN,U_GRADE_GRP,U_GRADE)
VALUES('smileshelf5553','윤채아','24','010-8422-1512','M',0,1,'GRP002','COM0001');
    
INSERT INTO USER_TBL(U_ID,U_NAME,U_AGE,U_TEL,U_GENDER,U_POINT,U_GUBUN,U_GRADE_GRP,U_GRADE)
VALUES('sportscene9037','장지원','43','010-7540-5191','M',0,1,'GRP002','COM0003');
    
INSERT INTO USER_TBL(U_ID,U_NAME,U_AGE,U_TEL,U_GENDER,U_POINT,U_GUBUN,U_GRADE_GRP,U_GRADE)
VALUES('speedstorm1420','이서희','42','010-6114-2885','F',0,1,'GRP002','COM0001');
    
INSERT INTO USER_TBL(U_ID,U_NAME,U_AGE,U_TEL,U_GENDER,U_POINT,U_GUBUN,U_GRADE_GRP,U_GRADE)
VALUES('benchgroup1800','김수민','42','010-3845-4727','M',0,1,'GRP002','COM0004');
    
INSERT INTO USER_TBL(U_ID,U_NAME,U_AGE,U_TEL,U_GENDER,U_POINT,U_GUBUN,U_GRADE_GRP,U_GRADE)
VALUES('bloodshare6392','장다현','38','010-7499-5747','M',0,1,'GRP002','COM0002');
    
INSERT INTO USER_TBL(U_ID,U_NAME,U_AGE,U_TEL,U_GENDER,U_POINT,U_GUBUN,U_GRADE_GRP,U_GRADE)
VALUES('fightclose7552','조민석','45','010-8630-8123','M',0,1,'GRP002','COM0001');
    
INSERT INTO USER_TBL(U_ID,U_NAME,U_AGE,U_TEL,U_GENDER,U_POINT,U_GUBUN,U_GRADE_GRP,U_GRADE)
VALUES('upsettaste9131','정아윤','31','010-1217-7114','F',0,1,'GRP002','COM0002');
    
INSERT INTO USER_TBL(U_ID,U_NAME,U_AGE,U_TEL,U_GENDER,U_POINT,U_GUBUN,U_GRADE_GRP,U_GRADE)
VALUES('chairsense4666','장채아','52','010-1405-8338','F',0,1,'GRP002','COM0004');
    
INSERT INTO USER_TBL(U_ID,U_NAME,U_AGE,U_TEL,U_GENDER,U_POINT,U_GUBUN,U_GRADE_GRP,U_GRADE)
VALUES('tablechair3965','강지훈','54','010-6387-4648','M',0,1,'GRP002','COM0002');
    
INSERT INTO USER_TBL(U_ID,U_NAME,U_AGE,U_TEL,U_GENDER,U_POINT,U_GUBUN,U_GRADE_GRP,U_GRADE)
VALUES('theresorry0230','장시현','43','010-5126-3148','F',0,1,'GRP002','COM0004');
    
INSERT INTO USER_TBL(U_ID,U_NAME,U_AGE,U_TEL,U_GENDER,U_POINT,U_GUBUN,U_GRADE_GRP,U_GRADE)
VALUES('quiethorse2947','강은찬','28','010-8316-9628','F',0,1,'GRP002','COM0002');
    
INSERT INTO USER_TBL(U_ID,U_NAME,U_AGE,U_TEL,U_GENDER,U_POINT,U_GUBUN,U_GRADE_GRP,U_GRADE)
VALUES('sorrysmall1744','강예은','52','010-9195-2675','M',0,1,'GRP002','COM0004');
    
INSERT INTO USER_TBL(U_ID,U_NAME,U_AGE,U_TEL,U_GENDER,U_POINT,U_GUBUN,U_GRADE_GRP,U_GRADE)
VALUES('mousecrowd2807','임다인','18','010-0444-3233','F',0,1,'GRP002','COM0004');
    
INSERT INTO USER_TBL(U_ID,U_NAME,U_AGE,U_TEL,U_GENDER,U_POINT,U_GUBUN,U_GRADE_GRP,U_GRADE)
VALUES('orderworld9878','정태현','54','010-6833-8768','F',0,1,'GRP002','COM0001');
    
INSERT INTO USER_TBL(U_ID,U_NAME,U_AGE,U_TEL,U_GENDER,U_POINT,U_GUBUN,U_GRADE_GRP,U_GRADE)
VALUES('oftenstore6142','윤정현','41','010-7768-3774','M',0,1,'GRP002','COM0001');
    
INSERT INTO USER_TBL(U_ID,U_NAME,U_AGE,U_TEL,U_GENDER,U_POINT,U_GUBUN,U_GRADE_GRP,U_GRADE)
VALUES('monthheart9392','임예림','46','010-3945-1252','F',0,1,'GRP002','COM0001');
    
INSERT INTO USER_TBL(U_ID,U_NAME,U_AGE,U_TEL,U_GENDER,U_POINT,U_GUBUN,U_GRADE_GRP,U_GRADE)
VALUES('prideprice4428','윤지후','45','010-8603-6869','M',0,1,'GRP002','COM0002');
    
INSERT INTO USER_TBL(U_ID,U_NAME,U_AGE,U_TEL,U_GENDER,U_POINT,U_GUBUN,U_GRADE_GRP,U_GRADE)
VALUES('countthrow7549','장서은','37','010-0179-1067','M',0,1,'GRP002','COM0002');
    
INSERT INTO USER_TBL(U_ID,U_NAME,U_AGE,U_TEL,U_GENDER,U_POINT,U_GUBUN,U_GRADE_GRP,U_GRADE)
VALUES('crimesleep5479','김예원','54','010-0254-9531','M',0,1,'GRP002','COM0004');
    
INSERT INTO USER_TBL(U_ID,U_NAME,U_AGE,U_TEL,U_GENDER,U_POINT,U_GUBUN,U_GRADE_GRP,U_GRADE)
VALUES('metalwrite1988','송다온','38','010-1320-7192','F',0,1,'GRP002','COM0001');
    
INSERT INTO USER_TBL(U_ID,U_NAME,U_AGE,U_TEL,U_GENDER,U_POINT,U_GUBUN,U_GRADE_GRP,U_GRADE)
VALUES('lunchfalse0988','최시현','14','010-1267-1857','F',0,1,'GRP002','COM0001');
    
INSERT INTO USER_TBL(U_ID,U_NAME,U_AGE,U_TEL,U_GENDER,U_POINT,U_GUBUN,U_GRADE_GRP,U_GRADE)
VALUES('guessstory5541','정채은','27','010-3937-7264','F',0,1,'GRP002','COM0002');
    
INSERT INTO USER_TBL(U_ID,U_NAME,U_AGE,U_TEL,U_GENDER,U_POINT,U_GUBUN,U_GRADE_GRP,U_GRADE)
VALUES('mouthblack0952','강지한','38','010-7096-0722','M',0,1,'GRP002','COM0001');
    
INSERT INTO USER_TBL(U_ID,U_NAME,U_AGE,U_TEL,U_GENDER,U_POINT,U_GUBUN,U_GRADE_GRP,U_GRADE)
VALUES('earlymatch8489','유은우','25','010-4229-6312','F',0,1,'GRP002','COM0001');
    
INSERT INTO USER_TBL(U_ID,U_NAME,U_AGE,U_TEL,U_GENDER,U_POINT,U_GUBUN,U_GRADE_GRP,U_GRADE)
VALUES('moneychose5881','유하린','36','010-1893-0100','F',0,1,'GRP002','COM0004');
    
INSERT INTO USER_TBL(U_ID,U_NAME,U_AGE,U_TEL,U_GENDER,U_POINT,U_GUBUN,U_GRADE_GRP,U_GRADE)
VALUES('chosestage1250','유윤재','51','010-4598-0784','M',0,1,'GRP002','COM0003');
    
INSERT INTO USER_TBL(U_ID,U_NAME,U_AGE,U_TEL,U_GENDER,U_POINT,U_GUBUN,U_GRADE_GRP,U_GRADE)
VALUES('trainhuman2811','임서율','21','010-2957-6403','F',0,1,'GRP002','COM0002');
    
INSERT INTO USER_TBL(U_ID,U_NAME,U_AGE,U_TEL,U_GENDER,U_POINT,U_GUBUN,U_GRADE_GRP,U_GRADE)
VALUES('rivercheap1657','강이안','43','010-1408-5730','M',0,1,'GRP002','COM0002');
    
INSERT INTO USER_TBL(U_ID,U_NAME,U_AGE,U_TEL,U_GENDER,U_POINT,U_GUBUN,U_GRADE_GRP,U_GRADE)
VALUES('guessstudy1862','유지연','10','010-6572-3074','M',0,1,'GRP002','COM0004');
    
INSERT INTO USER_TBL(U_ID,U_NAME,U_AGE,U_TEL,U_GENDER,U_POINT,U_GUBUN,U_GRADE_GRP,U_GRADE)
VALUES('startthere9692','조수아','47','010-6129-9728','M',0,1,'GRP002','COM0003');
    
INSERT INTO USER_TBL(U_ID,U_NAME,U_AGE,U_TEL,U_GENDER,U_POINT,U_GUBUN,U_GRADE_GRP,U_GRADE)
VALUES('dreammajor2308','정지호','31','010-3154-4720','M',0,1,'GRP002','COM0002');
    
INSERT INTO USER_TBL(U_ID,U_NAME,U_AGE,U_TEL,U_GENDER,U_POINT,U_GUBUN,U_GRADE_GRP,U_GRADE)
VALUES('brownheart9353','송건우','33','010-3810-5266','M',0,1,'GRP002','COM0003');
    
INSERT INTO USER_TBL(U_ID,U_NAME,U_AGE,U_TEL,U_GENDER,U_POINT,U_GUBUN,U_GRADE_GRP,U_GRADE)
VALUES('humanfocus1420','박민호','21','010-5414-1066','M',0,1,'GRP002','COM0004');
    
INSERT INTO USER_TBL(U_ID,U_NAME,U_AGE,U_TEL,U_GENDER,U_POINT,U_GUBUN,U_GRADE_GRP,U_GRADE)
VALUES('clearcount4991','장도연','28','010-9587-8105','M',0,1,'GRP002','COM0001');
    
INSERT INTO USER_TBL(U_ID,U_NAME,U_AGE,U_TEL,U_GENDER,U_POINT,U_GUBUN,U_GRADE_GRP,U_GRADE)
VALUES('levelfield1205','정서우','15','010-9813-2342','F',0,1,'GRP002','COM0004');
    
INSERT INTO USER_TBL(U_ID,U_NAME,U_AGE,U_TEL,U_GENDER,U_POINT,U_GUBUN,U_GRADE_GRP,U_GRADE)
VALUES('smallframe3166','장윤서','32','010-2618-4600','F',0,1,'GRP002','COM0002');
    
INSERT INTO USER_TBL(U_ID,U_NAME,U_AGE,U_TEL,U_GENDER,U_POINT,U_GUBUN,U_GRADE_GRP,U_GRADE)
VALUES('thirdready0968','최소윤','39','010-0732-4563','M',0,1,'GRP002','COM0001');
    
INSERT INTO USER_TBL(U_ID,U_NAME,U_AGE,U_TEL,U_GENDER,U_POINT,U_GUBUN,U_GRADE_GRP,U_GRADE)
VALUES('lighttotal7899','박유주','17','010-2399-0819','M',0,1,'GRP002','COM0003');
    
INSERT INTO USER_TBL(U_ID,U_NAME,U_AGE,U_TEL,U_GENDER,U_POINT,U_GUBUN,U_GRADE_GRP,U_GRADE)
VALUES('wholemajor3168','조은채','51','010-3516-2736','F',0,1,'GRP002','COM0001');
    
INSERT INTO USER_TBL(U_ID,U_NAME,U_AGE,U_TEL,U_GENDER,U_POINT,U_GUBUN,U_GRADE_GRP,U_GRADE)
VALUES('twiceblack1940','정서연','23','010-8876-2051','M',0,1,'GRP002','COM0001');
    
INSERT INTO USER_TBL(U_ID,U_NAME,U_AGE,U_TEL,U_GENDER,U_POINT,U_GUBUN,U_GRADE_GRP,U_GRADE)
VALUES('scorenoise5567','임준희','26','010-1001-2443','M',0,1,'GRP002','COM0004');
    
INSERT INTO USER_TBL(U_ID,U_NAME,U_AGE,U_TEL,U_GENDER,U_POINT,U_GUBUN,U_GRADE_GRP,U_GRADE)
VALUES('lightcheap6216','박지환','33','010-8490-0444','F',0,1,'GRP002','COM0003');
    
INSERT INTO USER_TBL(U_ID,U_NAME,U_AGE,U_TEL,U_GENDER,U_POINT,U_GUBUN,U_GRADE_GRP,U_GRADE)
VALUES('roughwatch3080','유소은','22','010-4262-0721','F',0,1,'GRP002','COM0001');
    
INSERT INTO USER_TBL(U_ID,U_NAME,U_AGE,U_TEL,U_GENDER,U_POINT,U_GUBUN,U_GRADE_GRP,U_GRADE)
VALUES('blackupset3263','유준희','43','010-5919-9444','M',0,1,'GRP002','COM0002');
    
INSERT INTO USER_TBL(U_ID,U_NAME,U_AGE,U_TEL,U_GENDER,U_POINT,U_GUBUN,U_GRADE_GRP,U_GRADE)
VALUES('sticktaste5952','장다온','40','010-9400-6155','M',0,1,'GRP002','COM0002');
    
INSERT INTO USER_TBL(U_ID,U_NAME,U_AGE,U_TEL,U_GENDER,U_POINT,U_GUBUN,U_GRADE_GRP,U_GRADE)
VALUES('sharevisit3702','임지민','53','010-1721-9170','F',0,1,'GRP002','COM0003');
    
INSERT INTO USER_TBL(U_ID,U_NAME,U_AGE,U_TEL,U_GENDER,U_POINT,U_GUBUN,U_GRADE_GRP,U_GRADE)
VALUES('brainbring4274','임예진','53','010-7686-6600','F',0,1,'GRP002','COM0003');
    
INSERT INTO USER_TBL(U_ID,U_NAME,U_AGE,U_TEL,U_GENDER,U_POINT,U_GUBUN,U_GRADE_GRP,U_GRADE)
VALUES('planefield5180','장서은','33','010-2834-0774','M',0,1,'GRP002','COM0004');
    
INSERT INTO USER_TBL(U_ID,U_NAME,U_AGE,U_TEL,U_GENDER,U_POINT,U_GUBUN,U_GRADE_GRP,U_GRADE)
VALUES('earlyforce3405','김도훈','16','010-1007-0770','F',0,1,'GRP002','COM0004');
    
INSERT INTO USER_TBL(U_ID,U_NAME,U_AGE,U_TEL,U_GENDER,U_POINT,U_GUBUN,U_GRADE_GRP,U_GRADE)
VALUES('breakenter0566','송유빈','47','010-4541-3740','M',0,1,'GRP002','COM0003');
    
INSERT INTO USER_TBL(U_ID,U_NAME,U_AGE,U_TEL,U_GENDER,U_POINT,U_GUBUN,U_GRADE_GRP,U_GRADE)
VALUES('waterwrong7824','정승현','44','010-5808-0467','F',0,1,'GRP002','COM0004');
    
INSERT INTO USER_TBL(U_ID,U_NAME,U_AGE,U_TEL,U_GENDER,U_POINT,U_GUBUN,U_GRADE_GRP,U_GRADE)
VALUES('storefront3629','유율','13','010-4415-6334','F',0,1,'GRP002','COM0003');
    
INSERT INTO USER_TBL(U_ID,U_NAME,U_AGE,U_TEL,U_GENDER,U_POINT,U_GUBUN,U_GRADE_GRP,U_GRADE)
VALUES('soundmajor0676','강지환','36','010-3555-7549','F',0,1,'GRP002','COM0002');
    
INSERT INTO USER_TBL(U_ID,U_NAME,U_AGE,U_TEL,U_GENDER,U_POINT,U_GUBUN,U_GRADE_GRP,U_GRADE)
VALUES('shelfbrain8919','윤서준','51','010-5278-1602','M',0,1,'GRP002','COM0001');
    
INSERT INTO USER_TBL(U_ID,U_NAME,U_AGE,U_TEL,U_GENDER,U_POINT,U_GUBUN,U_GRADE_GRP,U_GRADE)
VALUES('localocean7091','정재원','44','010-7172-8722','F',0,1,'GRP002','COM0001');
    
INSERT INTO USER_TBL(U_ID,U_NAME,U_AGE,U_TEL,U_GENDER,U_POINT,U_GUBUN,U_GRADE_GRP,U_GRADE)
VALUES('plantsmall4255','이연우','11','010-1783-2766','M',0,1,'GRP002','COM0002');
    
INSERT INTO USER_TBL(U_ID,U_NAME,U_AGE,U_TEL,U_GENDER,U_POINT,U_GUBUN,U_GRADE_GRP,U_GRADE)
VALUES('untilstone8935','유성준','46','010-6771-8063','M',0,1,'GRP002','COM0002');
    
INSERT INTO USER_TBL(U_ID,U_NAME,U_AGE,U_TEL,U_GENDER,U_POINT,U_GUBUN,U_GRADE_GRP,U_GRADE)
VALUES('thickstore9029','장주하','34','010-4920-3796','M',0,1,'GRP002','COM0002');
    
INSERT INTO USER_TBL(U_ID,U_NAME,U_AGE,U_TEL,U_GENDER,U_POINT,U_GUBUN,U_GRADE_GRP,U_GRADE)
VALUES('closetrain8511','유하율','27','010-5754-7263','M',0,1,'GRP002','COM0004');
    
INSERT INTO USER_TBL(U_ID,U_NAME,U_AGE,U_TEL,U_GENDER,U_POINT,U_GUBUN,U_GRADE_GRP,U_GRADE)
VALUES('brainsharp1392','박서영','18','010-4503-6024','M',0,1,'GRP002','COM0001');
    
INSERT INTO USER_TBL(U_ID,U_NAME,U_AGE,U_TEL,U_GENDER,U_POINT,U_GUBUN,U_GRADE_GRP,U_GRADE)
VALUES('peaceproud0502','강윤재','15','010-0145-3666','M',0,1,'GRP002','COM0003');
    
INSERT INTO USER_TBL(U_ID,U_NAME,U_AGE,U_TEL,U_GENDER,U_POINT,U_GUBUN,U_GRADE_GRP,U_GRADE)
VALUES('guessthank4353','윤현서','38','010-8960-4777','F',0,1,'GRP002','COM0004');
    
INSERT INTO USER_TBL(U_ID,U_NAME,U_AGE,U_TEL,U_GENDER,U_POINT,U_GUBUN,U_GRADE_GRP,U_GRADE)
VALUES('shirtfunny0546','강선우','47','010-8490-0254','F',0,1,'GRP002','COM0003');
    
INSERT INTO USER_TBL(U_ID,U_NAME,U_AGE,U_TEL,U_GENDER,U_POINT,U_GUBUN,U_GRADE_GRP,U_GRADE)
VALUES('reachtrain2222','강건우','24','010-4114-4956','M',0,1,'GRP002','COM0003');
    
INSERT INTO USER_TBL(U_ID,U_NAME,U_AGE,U_TEL,U_GENDER,U_POINT,U_GUBUN,U_GRADE_GRP,U_GRADE)
VALUES('prizemusic3851','정지수','38','010-0304-0663','F',0,1,'GRP002','COM0002');
    
INSERT INTO USER_TBL(U_ID,U_NAME,U_AGE,U_TEL,U_GENDER,U_POINT,U_GUBUN,U_GRADE_GRP,U_GRADE)
VALUES('standplant2915','이수현','17','010-1324-8085','F',0,1,'GRP002','COM0003');
    
INSERT INTO USER_TBL(U_ID,U_NAME,U_AGE,U_TEL,U_GENDER,U_POINT,U_GUBUN,U_GRADE_GRP,U_GRADE)
VALUES('framesmall6029','강우진','22','010-0009-2404','M',0,1,'GRP002','COM0003');
    
INSERT INTO USER_TBL(U_ID,U_NAME,U_AGE,U_TEL,U_GENDER,U_POINT,U_GUBUN,U_GRADE_GRP,U_GRADE)
VALUES('smokefirst3682','조아인','40','010-0339-3136','M',0,1,'GRP002','COM0003');
    
INSERT INTO USER_TBL(U_ID,U_NAME,U_AGE,U_TEL,U_GENDER,U_POINT,U_GUBUN,U_GRADE_GRP,U_GRADE)
VALUES('monthtough5726','조예은','51','010-1968-0571','M',0,1,'GRP002','COM0002');
    
INSERT INTO USER_TBL(U_ID,U_NAME,U_AGE,U_TEL,U_GENDER,U_POINT,U_GUBUN,U_GRADE_GRP,U_GRADE)
VALUES('earthtreat6228','박지후','15','010-3854-1390','M',0,1,'GRP002','COM0003');
    
INSERT INTO USER_TBL(U_ID,U_NAME,U_AGE,U_TEL,U_GENDER,U_POINT,U_GUBUN,U_GRADE_GRP,U_GRADE)
VALUES('emptycarry3845','강민아','19','010-3022-6791','F',0,1,'GRP002','COM0002');
    
INSERT INTO USER_TBL(U_ID,U_NAME,U_AGE,U_TEL,U_GENDER,U_POINT,U_GUBUN,U_GRADE_GRP,U_GRADE)
VALUES('worrymatch4158','조서아','27','010-6228-2069','M',0,1,'GRP002','COM0003');
    
INSERT INTO USER_TBL(U_ID,U_NAME,U_AGE,U_TEL,U_GENDER,U_POINT,U_GUBUN,U_GRADE_GRP,U_GRADE)
VALUES('metaltight4944','임지성','13','010-0286-5628','F',0,1,'GRP002','COM0002');
    
INSERT INTO USER_TBL(U_ID,U_NAME,U_AGE,U_TEL,U_GENDER,U_POINT,U_GUBUN,U_GRADE_GRP,U_GRADE)
VALUES('sorrynight2271','임준우','16','010-1401-8154','M',0,1,'GRP002','COM0002');
    
INSERT INTO USER_TBL(U_ID,U_NAME,U_AGE,U_TEL,U_GENDER,U_POINT,U_GUBUN,U_GRADE_GRP,U_GRADE)
VALUES('gradeclose4444','정재민','30','010-3224-8334','M',0,1,'GRP002','COM0001');
    
INSERT INTO USER_TBL(U_ID,U_NAME,U_AGE,U_TEL,U_GENDER,U_POINT,U_GUBUN,U_GRADE_GRP,U_GRADE)
VALUES('clearsound9162','강재윤','42','010-2530-4191','M',0,1,'GRP002','COM0002');
    
INSERT INTO USER_TBL(U_ID,U_NAME,U_AGE,U_TEL,U_GENDER,U_POINT,U_GUBUN,U_GRADE_GRP,U_GRADE)
VALUES('laterfight7053','최서하','22','010-5434-8874','F',0,1,'GRP002','COM0003');
    
INSERT INTO USER_TBL(U_ID,U_NAME,U_AGE,U_TEL,U_GENDER,U_POINT,U_GUBUN,U_GRADE_GRP,U_GRADE)
VALUES('carrywrite5436','임민성','39','010-5946-5447','F',0,1,'GRP002','COM0003');
    
INSERT INTO USER_TBL(U_ID,U_NAME,U_AGE,U_TEL,U_GENDER,U_POINT,U_GUBUN,U_GRADE_GRP,U_GRADE)
VALUES('mouthbasic1425','최지우','53','010-1044-5432','M',0,1,'GRP002','COM0003');
    
INSERT INTO USER_TBL(U_ID,U_NAME,U_AGE,U_TEL,U_GENDER,U_POINT,U_GUBUN,U_GRADE_GRP,U_GRADE)
VALUES('enjoyshelf7775','이예림','37','010-3688-6031','F',0,1,'GRP002','COM0002');
    
INSERT INTO USER_TBL(U_ID,U_NAME,U_AGE,U_TEL,U_GENDER,U_POINT,U_GUBUN,U_GRADE_GRP,U_GRADE)
VALUES('horsephoto6235','이준수','36','010-2647-0332','M',0,1,'GRP002','COM0002');
    
INSERT INTO USER_TBL(U_ID,U_NAME,U_AGE,U_TEL,U_GENDER,U_POINT,U_GUBUN,U_GRADE_GRP,U_GRADE)
VALUES('metalready4922','김다현','40','010-6086-7545','M',0,1,'GRP002','COM0001');
    
INSERT INTO USER_TBL(U_ID,U_NAME,U_AGE,U_TEL,U_GENDER,U_POINT,U_GUBUN,U_GRADE_GRP,U_GRADE)
VALUES('wholefloor2655','김소민','41','010-5867-7206','F',0,1,'GRP002','COM0004');
    
INSERT INTO USER_TBL(U_ID,U_NAME,U_AGE,U_TEL,U_GENDER,U_POINT,U_GUBUN,U_GRADE_GRP,U_GRADE)
VALUES('focusmoney6016','조지수','24','010-5399-6700','F',0,1,'GRP002','COM0004');
    
INSERT INTO USER_TBL(U_ID,U_NAME,U_AGE,U_TEL,U_GENDER,U_POINT,U_GUBUN,U_GRADE_GRP,U_GRADE)
VALUES('moviedance9716','이재민','13','010-0800-1838','F',0,1,'GRP002','COM0001');
    
INSERT INTO USER_TBL(U_ID,U_NAME,U_AGE,U_TEL,U_GENDER,U_POINT,U_GUBUN,U_GRADE_GRP,U_GRADE)
VALUES('readytwice1816','이지아','14','010-4915-3580','M',0,1,'GRP002','COM0001');
    
INSERT INTO USER_TBL(U_ID,U_NAME,U_AGE,U_TEL,U_GENDER,U_POINT,U_GUBUN,U_GRADE_GRP,U_GRADE)
VALUES('oceanworld4615','임시현','31','010-2401-3600','F',0,1,'GRP002','COM0003');
    
INSERT INTO USER_TBL(U_ID,U_NAME,U_AGE,U_TEL,U_GENDER,U_POINT,U_GUBUN,U_GRADE_GRP,U_GRADE)
VALUES('presshuman7252','최이안','46','010-1890-5413','M',0,1,'GRP002','COM0002');
    
INSERT INTO USER_TBL(U_ID,U_NAME,U_AGE,U_TEL,U_GENDER,U_POINT,U_GUBUN,U_GRADE_GRP,U_GRADE)
VALUES('neverlater5080','박서율','19','010-4360-2872','F',0,1,'GRP002','COM0002');
    
INSERT INTO USER_TBL(U_ID,U_NAME,U_AGE,U_TEL,U_GENDER,U_POINT,U_GUBUN,U_GRADE_GRP,U_GRADE)
VALUES('earthlearn3078','정유빈','30','010-8356-6857','M',0,1,'GRP002','COM0004');
    
INSERT INTO USER_TBL(U_ID,U_NAME,U_AGE,U_TEL,U_GENDER,U_POINT,U_GUBUN,U_GRADE_GRP,U_GRADE)
VALUES('frametable9243','최은서','10','010-1481-0269','M',0,1,'GRP002','COM0001');
    
INSERT INTO USER_TBL(U_ID,U_NAME,U_AGE,U_TEL,U_GENDER,U_POINT,U_GUBUN,U_GRADE_GRP,U_GRADE)
VALUES('housemouth4561','임유빈','46','010-9009-3064','M',0,1,'GRP002','COM0001');
    
INSERT INTO USER_TBL(U_ID,U_NAME,U_AGE,U_TEL,U_GENDER,U_POINT,U_GUBUN,U_GRADE_GRP,U_GRADE)
VALUES('guesterror5577','이하윤','11','010-0136-8308','F',0,1,'GRP002','COM0004');
    
INSERT INTO USER_TBL(U_ID,U_NAME,U_AGE,U_TEL,U_GENDER,U_POINT,U_GUBUN,U_GRADE_GRP,U_GRADE)
VALUES('gradestudy7128','강소율','35','010-4751-7578','M',0,1,'GRP002','COM0003');
    
INSERT INTO USER_TBL(U_ID,U_NAME,U_AGE,U_TEL,U_GENDER,U_POINT,U_GUBUN,U_GRADE_GRP,U_GRADE)
VALUES('underpower7047','이윤호','28','010-6131-1886','F',0,1,'GRP002','COM0001');
    
INSERT INTO USER_TBL(U_ID,U_NAME,U_AGE,U_TEL,U_GENDER,U_POINT,U_GUBUN,U_GRADE_GRP,U_GRADE)
VALUES('trainleave9543','조하진','10','010-0293-3550','F',0,1,'GRP002','COM0004');
    
INSERT INTO USER_TBL(U_ID,U_NAME,U_AGE,U_TEL,U_GENDER,U_POINT,U_GUBUN,U_GRADE_GRP,U_GRADE)
VALUES('benchprint6990','강태양','37','010-1812-1871','F',0,1,'GRP002','COM0001');
    
INSERT INTO USER_TBL(U_ID,U_NAME,U_AGE,U_TEL,U_GENDER,U_POINT,U_GUBUN,U_GRADE_GRP,U_GRADE)
VALUES('powerstudy9294','최성현','27','010-1091-9865','M',0,1,'GRP002','COM0002');
    
INSERT INTO USER_TBL(U_ID,U_NAME,U_AGE,U_TEL,U_GENDER,U_POINT,U_GUBUN,U_GRADE_GRP,U_GRADE)
VALUES('prizepress8004','임민주','49','010-4260-5498','M',0,1,'GRP002','COM0002');
    
INSERT INTO USER_TBL(U_ID,U_NAME,U_AGE,U_TEL,U_GENDER,U_POINT,U_GUBUN,U_GRADE_GRP,U_GRADE)
VALUES('writesweet8085','정지민','17','010-4856-8894','F',0,1,'GRP002','COM0002');
    
INSERT INTO USER_TBL(U_ID,U_NAME,U_AGE,U_TEL,U_GENDER,U_POINT,U_GUBUN,U_GRADE_GRP,U_GRADE)
VALUES('moneyriver5705','박다인','35','010-4027-6390','M',0,1,'GRP002','COM0004');
    
INSERT INTO USER_TBL(U_ID,U_NAME,U_AGE,U_TEL,U_GENDER,U_POINT,U_GUBUN,U_GRADE_GRP,U_GRADE)
VALUES('marchtotal6347','이규리','28','010-9884-2755','M',0,1,'GRP002','COM0003');
    
INSERT INTO USER_TBL(U_ID,U_NAME,U_AGE,U_TEL,U_GENDER,U_POINT,U_GUBUN,U_GRADE_GRP,U_GRADE)
VALUES('imageguess2861','장시온','25','010-1554-3118','F',0,1,'GRP002','COM0002');
    
INSERT INTO USER_TBL(U_ID,U_NAME,U_AGE,U_TEL,U_GENDER,U_POINT,U_GUBUN,U_GRADE_GRP,U_GRADE)
VALUES('thinklearn2610','장소윤','37','010-2137-6144','M',0,1,'GRP002','COM0004');
    
INSERT INTO USER_TBL(U_ID,U_NAME,U_AGE,U_TEL,U_GENDER,U_POINT,U_GUBUN,U_GRADE_GRP,U_GRADE)
VALUES('themefloor5089','강승원','39','010-0419-8135','F',0,1,'GRP002','COM0002');
    
INSERT INTO USER_TBL(U_ID,U_NAME,U_AGE,U_TEL,U_GENDER,U_POINT,U_GUBUN,U_GRADE_GRP,U_GRADE)
VALUES('enjoycount9096','정현우','15','010-4845-6220','M',0,1,'GRP002','COM0003');
    
INSERT INTO USER_TBL(U_ID,U_NAME,U_AGE,U_TEL,U_GENDER,U_POINT,U_GUBUN,U_GRADE_GRP,U_GRADE)
VALUES('moneyearth7661','장서우','36','010-3103-8760','F',0,1,'GRP002','COM0003');
    
INSERT INTO USER_TBL(U_ID,U_NAME,U_AGE,U_TEL,U_GENDER,U_POINT,U_GUBUN,U_GRADE_GRP,U_GRADE)
VALUES('toughchild3289','송하연','36','010-9088-9603','F',0,1,'GRP002','COM0003');
    
INSERT INTO USER_TBL(U_ID,U_NAME,U_AGE,U_TEL,U_GENDER,U_POINT,U_GUBUN,U_GRADE_GRP,U_GRADE)
VALUES('cleantired8144','정유진','11','010-0341-4658','M',0,1,'GRP002','COM0002');
    
INSERT INTO USER_TBL(U_ID,U_NAME,U_AGE,U_TEL,U_GENDER,U_POINT,U_GUBUN,U_GRADE_GRP,U_GRADE)
VALUES('powerplant2030','유준희','44','010-4491-2170','M',0,1,'GRP002','COM0002');
    
INSERT INTO USER_TBL(U_ID,U_NAME,U_AGE,U_TEL,U_GENDER,U_POINT,U_GUBUN,U_GRADE_GRP,U_GRADE)
VALUES('laughmarch8609','조정민','26','010-9063-3317','M',0,1,'GRP002','COM0003');
    
INSERT INTO USER_TBL(U_ID,U_NAME,U_AGE,U_TEL,U_GENDER,U_POINT,U_GUBUN,U_GRADE_GRP,U_GRADE)
VALUES('bloodstore8687','장승준','30','010-6076-9728','M',0,1,'GRP002','COM0001');
    
INSERT INTO USER_TBL(U_ID,U_NAME,U_AGE,U_TEL,U_GENDER,U_POINT,U_GUBUN,U_GRADE_GRP,U_GRADE)
VALUES('todayimage3826','이주원','54','010-0004-3124','M',0,1,'GRP002','COM0002');
    
INSERT INTO USER_TBL(U_ID,U_NAME,U_AGE,U_TEL,U_GENDER,U_POINT,U_GUBUN,U_GRADE_GRP,U_GRADE)
VALUES('luckyteach8985','유준수','29','010-2054-4999','M',0,1,'GRP002','COM0001');
    
INSERT INTO USER_TBL(U_ID,U_NAME,U_AGE,U_TEL,U_GENDER,U_POINT,U_GUBUN,U_GRADE_GRP,U_GRADE)
VALUES('musicwatch5235','박하영','18','010-4413-1259','F',0,1,'GRP002','COM0002');
    
INSERT INTO USER_TBL(U_ID,U_NAME,U_AGE,U_TEL,U_GENDER,U_POINT,U_GUBUN,U_GRADE_GRP,U_GRADE)
VALUES('stylephoto8398','정시후','35','010-6589-0329','M',0,1,'GRP002','COM0003');
    
INSERT INTO USER_TBL(U_ID,U_NAME,U_AGE,U_TEL,U_GENDER,U_POINT,U_GUBUN,U_GRADE_GRP,U_GRADE)
VALUES('GUEST0002',NULL,NULL,NULL,NULL,NULL,2,NULL,NULL);

INSERT INTO USER_TBL(U_ID,U_NAME,U_AGE,U_TEL,U_GENDER,U_POINT,U_GUBUN,U_GRADE_GRP,U_GRADE)
VALUES('GUEST0003',NULL,NULL,NULL,NULL,NULL,2,NULL,NULL);

INSERT INTO USER_TBL(U_ID,U_NAME,U_AGE,U_TEL,U_GENDER,U_POINT,U_GUBUN,U_GRADE_GRP,U_GRADE)
VALUES('GUEST0004',NULL,NULL,NULL,NULL,NULL,2,NULL,NULL);

INSERT INTO USER_TBL(U_ID,U_NAME,U_AGE,U_TEL,U_GENDER,U_POINT,U_GUBUN,U_GRADE_GRP,U_GRADE)
VALUES('GUEST0005',NULL,NULL,NULL,NULL,NULL,2,NULL,NULL);

INSERT INTO USER_TBL(U_ID,U_NAME,U_AGE,U_TEL,U_GENDER,U_POINT,U_GUBUN,U_GRADE_GRP,U_GRADE)
VALUES('GUEST0006',NULL,NULL,NULL,NULL,NULL,2,NULL,NULL);

INSERT INTO USER_TBL(U_ID,U_NAME,U_AGE,U_TEL,U_GENDER,U_POINT,U_GUBUN,U_GRADE_GRP,U_GRADE)
VALUES('GUEST0007',NULL,NULL,NULL,NULL,NULL,2,NULL,NULL);

INSERT INTO USER_TBL(U_ID,U_NAME,U_AGE,U_TEL,U_GENDER,U_POINT,U_GUBUN,U_GRADE_GRP,U_GRADE)
VALUES('GUEST0008',NULL,NULL,NULL,NULL,NULL,2,NULL,NULL);

INSERT INTO USER_TBL(U_ID,U_NAME,U_AGE,U_TEL,U_GENDER,U_POINT,U_GUBUN,U_GRADE_GRP,U_GRADE)
VALUES('GUEST0009',NULL,NULL,NULL,NULL,NULL,2,NULL,NULL);

INSERT INTO USER_TBL(U_ID,U_NAME,U_AGE,U_TEL,U_GENDER,U_POINT,U_GUBUN,U_GRADE_GRP,U_GRADE)
VALUES('GUEST0010',NULL,NULL,NULL,NULL,NULL,2,NULL,NULL);

INSERT INTO USER_TBL(U_ID,U_NAME,U_AGE,U_TEL,U_GENDER,U_POINT,U_GUBUN,U_GRADE_GRP,U_GRADE)
VALUES('GUEST0011',NULL,NULL,NULL,NULL,NULL,2,NULL,NULL);

INSERT INTO USER_TBL(U_ID,U_NAME,U_AGE,U_TEL,U_GENDER,U_POINT,U_GUBUN,U_GRADE_GRP,U_GRADE)
VALUES('GUEST0012',NULL,NULL,NULL,NULL,NULL,2,NULL,NULL);

INSERT INTO USER_TBL(U_ID,U_NAME,U_AGE,U_TEL,U_GENDER,U_POINT,U_GUBUN,U_GRADE_GRP,U_GRADE)
VALUES('GUEST0013',NULL,NULL,NULL,NULL,NULL,2,NULL,NULL);

INSERT INTO USER_TBL(U_ID,U_NAME,U_AGE,U_TEL,U_GENDER,U_POINT,U_GUBUN,U_GRADE_GRP,U_GRADE)
VALUES('GUEST0014',NULL,NULL,NULL,NULL,NULL,2,NULL,NULL);

INSERT INTO USER_TBL(U_ID,U_NAME,U_AGE,U_TEL,U_GENDER,U_POINT,U_GUBUN,U_GRADE_GRP,U_GRADE)
VALUES('GUEST0015',NULL,NULL,NULL,NULL,NULL,2,NULL,NULL);

INSERT INTO USER_TBL(U_ID,U_NAME,U_AGE,U_TEL,U_GENDER,U_POINT,U_GUBUN,U_GRADE_GRP,U_GRADE)
VALUES('GUEST0016',NULL,NULL,NULL,NULL,NULL,2,NULL,NULL);

INSERT INTO USER_TBL(U_ID,U_NAME,U_AGE,U_TEL,U_GENDER,U_POINT,U_GUBUN,U_GRADE_GRP,U_GRADE)
VALUES('GUEST0017',NULL,NULL,NULL,NULL,NULL,2,NULL,NULL);

INSERT INTO USER_TBL(U_ID,U_NAME,U_AGE,U_TEL,U_GENDER,U_POINT,U_GUBUN,U_GRADE_GRP,U_GRADE)
VALUES('GUEST0018',NULL,NULL,NULL,NULL,NULL,2,NULL,NULL);

INSERT INTO USER_TBL(U_ID,U_NAME,U_AGE,U_TEL,U_GENDER,U_POINT,U_GUBUN,U_GRADE_GRP,U_GRADE)
VALUES('GUEST0019',NULL,NULL,NULL,NULL,NULL,2,NULL,NULL);

INSERT INTO USER_TBL(U_ID,U_NAME,U_AGE,U_TEL,U_GENDER,U_POINT,U_GUBUN,U_GRADE_GRP,U_GRADE)
VALUES('GUEST0020',NULL,NULL,NULL,NULL,NULL,2,NULL,NULL);

INSERT INTO USER_TBL(U_ID,U_NAME,U_AGE,U_TEL,U_GENDER,U_POINT,U_GUBUN,U_GRADE_GRP,U_GRADE)
VALUES('GUEST0021',NULL,NULL,NULL,NULL,NULL,2,NULL,NULL);

INSERT INTO USER_TBL(U_ID,U_NAME,U_AGE,U_TEL,U_GENDER,U_POINT,U_GUBUN,U_GRADE_GRP,U_GRADE)
VALUES('GUEST0022',NULL,NULL,NULL,NULL,NULL,2,NULL,NULL);

INSERT INTO USER_TBL(U_ID,U_NAME,U_AGE,U_TEL,U_GENDER,U_POINT,U_GUBUN,U_GRADE_GRP,U_GRADE)
VALUES('GUEST0023',NULL,NULL,NULL,NULL,NULL,2,NULL,NULL);

INSERT INTO USER_TBL(U_ID,U_NAME,U_AGE,U_TEL,U_GENDER,U_POINT,U_GUBUN,U_GRADE_GRP,U_GRADE)
VALUES('GUEST0024',NULL,NULL,NULL,NULL,NULL,2,NULL,NULL);

INSERT INTO USER_TBL(U_ID,U_NAME,U_AGE,U_TEL,U_GENDER,U_POINT,U_GUBUN,U_GRADE_GRP,U_GRADE)
VALUES('GUEST0025',NULL,NULL,NULL,NULL,NULL,2,NULL,NULL);

INSERT INTO USER_TBL(U_ID,U_NAME,U_AGE,U_TEL,U_GENDER,U_POINT,U_GUBUN,U_GRADE_GRP,U_GRADE)
VALUES('GUEST0026',NULL,NULL,NULL,NULL,NULL,2,NULL,NULL);

INSERT INTO USER_TBL(U_ID,U_NAME,U_AGE,U_TEL,U_GENDER,U_POINT,U_GUBUN,U_GRADE_GRP,U_GRADE)
VALUES('GUEST0027',NULL,NULL,NULL,NULL,NULL,2,NULL,NULL);

INSERT INTO USER_TBL(U_ID,U_NAME,U_AGE,U_TEL,U_GENDER,U_POINT,U_GUBUN,U_GRADE_GRP,U_GRADE)
VALUES('GUEST0028',NULL,NULL,NULL,NULL,NULL,2,NULL,NULL);

INSERT INTO USER_TBL(U_ID,U_NAME,U_AGE,U_TEL,U_GENDER,U_POINT,U_GUBUN,U_GRADE_GRP,U_GRADE)
VALUES('GUEST0029',NULL,NULL,NULL,NULL,NULL,2,NULL,NULL);

INSERT INTO USER_TBL(U_ID,U_NAME,U_AGE,U_TEL,U_GENDER,U_POINT,U_GUBUN,U_GRADE_GRP,U_GRADE)
VALUES('GUEST0030',NULL,NULL,NULL,NULL,NULL,2,NULL,NULL);

INSERT INTO USER_TBL(U_ID,U_NAME,U_AGE,U_TEL,U_GENDER,U_POINT,U_GUBUN,U_GRADE_GRP,U_GRADE)
VALUES('GUEST0031',NULL,NULL,NULL,NULL,NULL,2,NULL,NULL);

INSERT INTO USER_TBL(U_ID,U_NAME,U_AGE,U_TEL,U_GENDER,U_POINT,U_GUBUN,U_GRADE_GRP,U_GRADE)
VALUES('GUEST0032',NULL,NULL,NULL,NULL,NULL,2,NULL,NULL);

INSERT INTO USER_TBL(U_ID,U_NAME,U_AGE,U_TEL,U_GENDER,U_POINT,U_GUBUN,U_GRADE_GRP,U_GRADE)
VALUES('GUEST0033',NULL,NULL,NULL,NULL,NULL,2,NULL,NULL);

INSERT INTO USER_TBL(U_ID,U_NAME,U_AGE,U_TEL,U_GENDER,U_POINT,U_GUBUN,U_GRADE_GRP,U_GRADE)
VALUES('GUEST0034',NULL,NULL,NULL,NULL,NULL,2,NULL,NULL);

INSERT INTO USER_TBL(U_ID,U_NAME,U_AGE,U_TEL,U_GENDER,U_POINT,U_GUBUN,U_GRADE_GRP,U_GRADE)
VALUES('GUEST0035',NULL,NULL,NULL,NULL,NULL,2,NULL,NULL);

INSERT INTO USER_TBL(U_ID,U_NAME,U_AGE,U_TEL,U_GENDER,U_POINT,U_GUBUN,U_GRADE_GRP,U_GRADE)
VALUES('GUEST0036',NULL,NULL,NULL,NULL,NULL,2,NULL,NULL);

INSERT INTO USER_TBL(U_ID,U_NAME,U_AGE,U_TEL,U_GENDER,U_POINT,U_GUBUN,U_GRADE_GRP,U_GRADE)
VALUES('GUEST0037',NULL,NULL,NULL,NULL,NULL,2,NULL,NULL);

INSERT INTO USER_TBL(U_ID,U_NAME,U_AGE,U_TEL,U_GENDER,U_POINT,U_GUBUN,U_GRADE_GRP,U_GRADE)
VALUES('GUEST0038',NULL,NULL,NULL,NULL,NULL,2,NULL,NULL);

INSERT INTO USER_TBL(U_ID,U_NAME,U_AGE,U_TEL,U_GENDER,U_POINT,U_GUBUN,U_GRADE_GRP,U_GRADE)
VALUES('GUEST0039',NULL,NULL,NULL,NULL,NULL,2,NULL,NULL);

INSERT INTO USER_TBL(U_ID,U_NAME,U_AGE,U_TEL,U_GENDER,U_POINT,U_GUBUN,U_GRADE_GRP,U_GRADE)
VALUES('GUEST0040',NULL,NULL,NULL,NULL,NULL,2,NULL,NULL);

INSERT INTO USER_TBL(U_ID,U_NAME,U_AGE,U_TEL,U_GENDER,U_POINT,U_GUBUN,U_GRADE_GRP,U_GRADE)
VALUES('GUEST0041',NULL,NULL,NULL,NULL,NULL,2,NULL,NULL);

INSERT INTO USER_TBL(U_ID,U_NAME,U_AGE,U_TEL,U_GENDER,U_POINT,U_GUBUN,U_GRADE_GRP,U_GRADE)
VALUES('GUEST0042',NULL,NULL,NULL,NULL,NULL,2,NULL,NULL);

INSERT INTO USER_TBL(U_ID,U_NAME,U_AGE,U_TEL,U_GENDER,U_POINT,U_GUBUN,U_GRADE_GRP,U_GRADE)
VALUES('GUEST0043',NULL,NULL,NULL,NULL,NULL,2,NULL,NULL);

INSERT INTO USER_TBL(U_ID,U_NAME,U_AGE,U_TEL,U_GENDER,U_POINT,U_GUBUN,U_GRADE_GRP,U_GRADE)
VALUES('GUEST0044',NULL,NULL,NULL,NULL,NULL,2,NULL,NULL);

INSERT INTO USER_TBL(U_ID,U_NAME,U_AGE,U_TEL,U_GENDER,U_POINT,U_GUBUN,U_GRADE_GRP,U_GRADE)
VALUES('GUEST0045',NULL,NULL,NULL,NULL,NULL,2,NULL,NULL);

INSERT INTO USER_TBL(U_ID,U_NAME,U_AGE,U_TEL,U_GENDER,U_POINT,U_GUBUN,U_GRADE_GRP,U_GRADE)
VALUES('GUEST0046',NULL,NULL,NULL,NULL,NULL,2,NULL,NULL);

INSERT INTO USER_TBL(U_ID,U_NAME,U_AGE,U_TEL,U_GENDER,U_POINT,U_GUBUN,U_GRADE_GRP,U_GRADE)
VALUES('GUEST0047',NULL,NULL,NULL,NULL,NULL,2,NULL,NULL);

INSERT INTO USER_TBL(U_ID,U_NAME,U_AGE,U_TEL,U_GENDER,U_POINT,U_GUBUN,U_GRADE_GRP,U_GRADE)
VALUES('GUEST0048',NULL,NULL,NULL,NULL,NULL,2,NULL,NULL);

INSERT INTO USER_TBL(U_ID,U_NAME,U_AGE,U_TEL,U_GENDER,U_POINT,U_GUBUN,U_GRADE_GRP,U_GRADE)
VALUES('GUEST0049',NULL,NULL,NULL,NULL,NULL,2,NULL,NULL);

INSERT INTO USER_TBL(U_ID,U_NAME,U_AGE,U_TEL,U_GENDER,U_POINT,U_GUBUN,U_GRADE_GRP,U_GRADE)
VALUES('GUEST0050',NULL,NULL,NULL,NULL,NULL,2,NULL,NULL);

--고객 테이블 끝


--@@@
--지점 테이블 시작
CREATE TABLE BRANCH_TBL
(
    B_ID            CHAR(5)        PRIMARY KEY,  --지점 아이디
    B_NAME          VARCHAR2(100)   NOT NULL,     --지점 이름
    B_AREA_GRP      CHAR(6)         NOT NULL,     --지역 그룹 코드
    B_AREA          CHAR(7)         NOT NULL      --지역
);

--서울
INSERT INTO BRANCH_TBL(B_ID, B_NAME, B_AREA_GRP, B_AREA) 
VALUES('B0001', 'CGV강남', 'GRP001', 'COM0018'); --> 2D
INSERT INTO BRANCH_TBL(B_ID, B_NAME, B_AREA_GRP, B_AREA) 
VALUES('B0002', 'CGV송파', 'GRP001', 'COM0035'); --> 2D, 4DX, 싱어롱
INSERT INTO BRANCH_TBL(B_ID, B_NAME, B_AREA_GRP, B_AREA) 
VALUES('B0003', 'CGV성신여대입구', 'GRP001', 'COM0034'); --> 2D, 3D, 리클라이너
INSERT INTO BRANCH_TBL(B_ID, B_NAME, B_AREA_GRP, B_AREA) 
VALUES('B0004', 'CGV용산아이파크몰', 'GRP001', 'COM0038'); --> 2D, 3D, 4DX
INSERT INTO BRANCH_TBL(B_ID, B_NAME, B_AREA_GRP, B_AREA) 
VALUES('B0005', 'CGV여의도', 'GRP001', 'COM0037'); --> 2D, 3D, 싱어롱

--부산
INSERT INTO BRANCH_TBL(B_ID, B_NAME, B_AREA_GRP, B_AREA) 
VALUES('B0006', 'CGV서면', 'GRP001', 'COM0049'); --> 2D, 3D, 4DX, 리클라이너 
INSERT INTO BRANCH_TBL(B_ID, B_NAME, B_AREA_GRP, B_AREA) 
VALUES('B0007', 'CGV대연', 'GRP001', 'COM0046'); --> 2D, 3D
INSERT INTO BRANCH_TBL(B_ID, B_NAME, B_AREA_GRP, B_AREA)
VALUES('B0008', 'CGV정관', 'GRP001', 'COM0045'); --> 2D, 리클라이너
INSERT INTO BRANCH_TBL(B_ID, B_NAME, B_AREA_GRP, B_AREA)
VALUES('B0009', 'CGV센텀시티', 'GRP001', 'COM0058'); --> 2D, 3D, 4DX, 싱어롱

--대구
INSERT INTO BRANCH_TBL(B_ID, B_NAME, B_AREA_GRP, B_AREA) 
VALUES('B0010', 'CGV수성', 'GRP001', 'COM0065'); --> 2D, 3D
INSERT INTO BRANCH_TBL(B_ID, B_NAME, B_AREA_GRP, B_AREA) 
VALUES('B0011', 'CGV스타디움', 'GRP001', 'COM0065'); --> 2D, 3D, 4DX
INSERT INTO BRANCH_TBL(B_ID, B_NAME, B_AREA_GRP, B_AREA) 
VALUES('B0012', 'CGV현대', 'GRP001', 'COM0066'); -->2D, 3D

--지점 테이블 끝


--@@@
--상영관 테이블 시작
CREATE TABLE THEATER_TBL
(
      TH_ID           CHAR(5)         PRIMARY KEY,  --상영관 아이디
      B_ID            CHAR(5)         NOT NULL,     --지점 아이디
      TH_SEATS        NUMBER(3)       NOT NULL,     --상영관 좌석 수
      TH_TYPE_GRP     CHAR(6)         NOT NULL,     --상영관 그룹 코드
      TH_TYPE         CHAR(7)         NOT NULL     --상영관 타입
);

--서울
INSERT INTO THEATER_TBL(TH_ID, B_ID, TH_SEATS, TH_TYPE_GRP, TH_TYPE) 
VALUES('TH001', 'B0001', '158', 'GRP005', 'COM0001');
INSERT INTO THEATER_TBL(TH_ID, B_ID, TH_SEATS, TH_TYPE_GRP, TH_TYPE) 
VALUES('TH002', 'B0001', '124', 'GRP005', 'COM0001');
INSERT INTO THEATER_TBL(TH_ID, B_ID, TH_SEATS, TH_TYPE_GRP, TH_TYPE) 
VALUES('TH003', 'B0001', '320', 'GRP005', 'COM0001');
INSERT INTO THEATER_TBL(TH_ID, B_ID, TH_SEATS, TH_TYPE_GRP, TH_TYPE) 
VALUES('TH004', 'B0001', '106', 'GRP005', 'COM0001');
INSERT INTO THEATER_TBL(TH_ID, B_ID, TH_SEATS, TH_TYPE_GRP, TH_TYPE) 
VALUES('TH005', 'B0002', '235', 'GRP005', 'COM0001');
INSERT INTO THEATER_TBL(TH_ID, B_ID, TH_SEATS, TH_TYPE_GRP, TH_TYPE) 
VALUES('TH006', 'B0002', '114', 'GRP005', 'COM0001');
INSERT INTO THEATER_TBL(TH_ID, B_ID, TH_SEATS, TH_TYPE_GRP, TH_TYPE) 
VALUES('TH007', 'B0003', '120', 'GRP005', 'COM0001');
INSERT INTO THEATER_TBL(TH_ID, B_ID, TH_SEATS, TH_TYPE_GRP, TH_TYPE) 
VALUES('TH008', 'B0003', '160', 'GRP005', 'COM0001');
INSERT INTO THEATER_TBL(TH_ID, B_ID, TH_SEATS, TH_TYPE_GRP, TH_TYPE) 
VALUES('TH009', 'B0004', '406', 'GRP005', 'COM0001');
INSERT INTO THEATER_TBL(TH_ID, B_ID, TH_SEATS, TH_TYPE_GRP, TH_TYPE) 
VALUES('TH010', 'B0004', '170', 'GRP005', 'COM0001');
INSERT INTO THEATER_TBL(TH_ID, B_ID, TH_SEATS, TH_TYPE_GRP, TH_TYPE)  
VALUES('TH011', 'B0005', '58', 'GRP005', 'COM0001');
INSERT INTO THEATER_TBL(TH_ID, B_ID, TH_SEATS, TH_TYPE_GRP, TH_TYPE) 
VALUES('TH012', 'B0005', '229', 'GRP005', 'COM0004');
INSERT INTO THEATER_TBL(TH_ID, B_ID, TH_SEATS, TH_TYPE_GRP, TH_TYPE) 
VALUES('TH013', 'B0005', '164', 'GRP005', 'COM0004');
INSERT INTO THEATER_TBL(TH_ID, B_ID, TH_SEATS, TH_TYPE_GRP, TH_TYPE) 
VALUES('TH014', 'B0002', '73', 'GRP005', 'COM0004');
INSERT INTO THEATER_TBL(TH_ID, B_ID, TH_SEATS, TH_TYPE_GRP, TH_TYPE) 
VALUES('TH015', 'B0003', '131', 'GRP005', 'COM0005');
INSERT INTO THEATER_TBL(TH_ID, B_ID, TH_SEATS, TH_TYPE_GRP, TH_TYPE) 
VALUES('TH016', 'B0004', '89', 'GRP005', 'COM0002');
INSERT INTO THEATER_TBL(TH_ID, B_ID, TH_SEATS, TH_TYPE_GRP, TH_TYPE) 
VALUES('TH017', 'B0004', '130', 'GRP005', 'COM0002');
INSERT INTO THEATER_TBL(TH_ID, B_ID, TH_SEATS, TH_TYPE_GRP, TH_TYPE) 
VALUES('TH018', 'B0004', '80', 'GRP005', 'COM0002');
INSERT INTO THEATER_TBL(TH_ID, B_ID, TH_SEATS, TH_TYPE_GRP, TH_TYPE) 
VALUES('TH019', 'B0005', '177', 'GRP005', 'COM0002');
INSERT INTO THEATER_TBL(TH_ID, B_ID, TH_SEATS, TH_TYPE_GRP, TH_TYPE) 
VALUES('TH020', 'B0004', '144', 'GRP005', 'COM0003');
INSERT INTO THEATER_TBL(TH_ID, B_ID, TH_SEATS, TH_TYPE_GRP, TH_TYPE) 
VALUES('TH021', 'B0002', '72', 'GRP005', 'COM0003');
--부산
INSERT INTO THEATER_TBL(TH_ID, B_ID, TH_SEATS, TH_TYPE_GRP, TH_TYPE) 
VALUES('TH022', 'B0006', '165', 'GRP005', 'COM0001');
INSERT INTO THEATER_TBL(TH_ID, B_ID, TH_SEATS, TH_TYPE_GRP, TH_TYPE) 
VALUES('TH023', 'B0006', '340', 'GRP005', 'COM0001');
INSERT INTO THEATER_TBL(TH_ID, B_ID, TH_SEATS, TH_TYPE_GRP, TH_TYPE) 
VALUES('TH024', 'B0006', '232', 'GRP005', 'COM0001');
INSERT INTO THEATER_TBL(TH_ID, B_ID, TH_SEATS, TH_TYPE_GRP, TH_TYPE) 
VALUES('TH025', 'B0007', '122', 'GRP005', 'COM0001');
INSERT INTO THEATER_TBL(TH_ID, B_ID, TH_SEATS, TH_TYPE_GRP, TH_TYPE) 
VALUES('TH026', 'B0007', '68', 'GRP005', 'COM0001');
INSERT INTO THEATER_TBL(TH_ID, B_ID, TH_SEATS, TH_TYPE_GRP, TH_TYPE) 
VALUES('TH027', 'B0008', '80', 'GRP005', 'COM0001');
INSERT INTO THEATER_TBL(TH_ID, B_ID, TH_SEATS, TH_TYPE_GRP, TH_TYPE) 
VALUES('TH028', 'B0008', '78', 'GRP005', 'COM0001');
INSERT INTO THEATER_TBL(TH_ID, B_ID, TH_SEATS, TH_TYPE_GRP, TH_TYPE) 
VALUES('TH029', 'B0008', '189', 'GRP005', 'COM0001');
INSERT INTO THEATER_TBL(TH_ID, B_ID, TH_SEATS, TH_TYPE_GRP, TH_TYPE) 
VALUES('TH030', 'B0008', '87', 'GRP005', 'COM0001');
INSERT INTO THEATER_TBL(TH_ID, B_ID, TH_SEATS, TH_TYPE_GRP, TH_TYPE) 
VALUES('TH031', 'B0008', '93', 'GRP005', 'COM0005');
INSERT INTO THEATER_TBL(TH_ID, B_ID, TH_SEATS, TH_TYPE_GRP, TH_TYPE) 
VALUES('TH032', 'B0008', '76', 'GRP005', 'COM0005');
INSERT INTO THEATER_TBL(TH_ID, B_ID, TH_SEATS, TH_TYPE_GRP, TH_TYPE) 
VALUES('TH033', 'B0009', '254', 'GRP005', 'COM0001');
INSERT INTO THEATER_TBL(TH_ID, B_ID, TH_SEATS, TH_TYPE_GRP, TH_TYPE) 
VALUES('TH034', 'B0006', '150', 'GRP005', 'COM0002');
INSERT INTO THEATER_TBL(TH_ID, B_ID, TH_SEATS, TH_TYPE_GRP, TH_TYPE) 
VALUES('TH035', 'B0006', '134', 'GRP005', 'COM0005');
INSERT INTO THEATER_TBL(TH_ID, B_ID, TH_SEATS, TH_TYPE_GRP, TH_TYPE) 
VALUES('TH036', 'B0007', '107', 'GRP005', 'COM0002');
INSERT INTO THEATER_TBL(TH_ID, B_ID, TH_SEATS, TH_TYPE_GRP, TH_TYPE) 
VALUES('TH037', 'B0007', '236', 'GRP005', 'COM0002');
INSERT INTO THEATER_TBL(TH_ID, B_ID, TH_SEATS, TH_TYPE_GRP, TH_TYPE) 
VALUES('TH038', 'B0009', '172', 'GRP005', 'COM0002');
INSERT INTO THEATER_TBL(TH_ID, B_ID, TH_SEATS, TH_TYPE_GRP, TH_TYPE) 
VALUES('TH039', 'B0006', '132', 'GRP005', 'COM0003');
INSERT INTO THEATER_TBL(TH_ID, B_ID, TH_SEATS, TH_TYPE_GRP, TH_TYPE) 
VALUES('TH040', 'B0009', '128', 'GRP005', 'COM0003');
INSERT INTO THEATER_TBL(TH_ID, B_ID, TH_SEATS, TH_TYPE_GRP, TH_TYPE) 
VALUES('TH041', 'B0009', '30', 'GRP005', 'COM0004');
--대구
INSERT INTO THEATER_TBL(TH_ID, B_ID, TH_SEATS, TH_TYPE_GRP, TH_TYPE) 
VALUES('TH042', 'B0010', '222', 'GRP005', 'COM0001');
INSERT INTO THEATER_TBL(TH_ID, B_ID, TH_SEATS, TH_TYPE_GRP, TH_TYPE) 
VALUES('TH043', 'B0010', '208', 'GRP005', 'COM0001');
INSERT INTO THEATER_TBL(TH_ID, B_ID, TH_SEATS, TH_TYPE_GRP, TH_TYPE) 
VALUES('TH044', 'B0010', '200', 'GRP005', 'COM0001');
INSERT INTO THEATER_TBL(TH_ID, B_ID, TH_SEATS, TH_TYPE_GRP, TH_TYPE) 
VALUES('TH045', 'B0011', '138', 'GRP005', 'COM0001');
INSERT INTO THEATER_TBL(TH_ID, B_ID, TH_SEATS, TH_TYPE_GRP, TH_TYPE) 
VALUES('TH046', 'B0011', '207', 'GRP005', 'COM0001');
INSERT INTO THEATER_TBL(TH_ID, B_ID, TH_SEATS, TH_TYPE_GRP, TH_TYPE) 
VALUES('TH047', 'B0011', '155', 'GRP005', 'COM0001');
INSERT INTO THEATER_TBL(TH_ID, B_ID, TH_SEATS, TH_TYPE_GRP, TH_TYPE) 
VALUES('TH048', 'B0012', '97', 'GRP005', 'COM0001');
INSERT INTO THEATER_TBL(TH_ID, B_ID, TH_SEATS, TH_TYPE_GRP, TH_TYPE) 
VALUES('TH049', 'B0012', '127', 'GRP005', 'COM0001');
INSERT INTO THEATER_TBL(TH_ID, B_ID, TH_SEATS, TH_TYPE_GRP, TH_TYPE) 
VALUES('TH050', 'B0012', '83', 'GRP005', 'COM0001');
INSERT INTO THEATER_TBL(TH_ID, B_ID, TH_SEATS, TH_TYPE_GRP, TH_TYPE) 
VALUES('TH051', 'B0010', '222', 'GRP005', 'COM0002');
INSERT INTO THEATER_TBL(TH_ID, B_ID, TH_SEATS, TH_TYPE_GRP, TH_TYPE) 
VALUES('TH052', 'B0010', '139', 'GRP005', 'COM0002');
INSERT INTO THEATER_TBL(TH_ID, B_ID, TH_SEATS, TH_TYPE_GRP, TH_TYPE) 
VALUES('TH053', 'B0011', '124', 'GRP005', 'COM0002');
INSERT INTO THEATER_TBL(TH_ID, B_ID, TH_SEATS, TH_TYPE_GRP, TH_TYPE) 
VALUES('TH054', 'B0011', '162', 'GRP005', 'COM0002');
INSERT INTO THEATER_TBL(TH_ID, B_ID, TH_SEATS, TH_TYPE_GRP, TH_TYPE) 
VALUES('TH055', 'B0012', '115', 'GRP005', 'COM0002');
INSERT INTO THEATER_TBL(TH_ID, B_ID, TH_SEATS, TH_TYPE_GRP, TH_TYPE) 
VALUES('TH056', 'B0012', '96', 'GRP005', 'COM0002');
INSERT INTO THEATER_TBL(TH_ID, B_ID, TH_SEATS, TH_TYPE_GRP, TH_TYPE) 
VALUES('TH057', 'B0011', '108', 'GRP005', 'COM0003');

--상영관 테이블 끝


--@@@
--시간표 테이블 시작
CREATE TABLE TIMETABLE_TBL
(
		TM_ID           CHAR(6)          PRIMARY KEY, -- 시간표 아이디
		M_ID            CHAR(5)          NOT NULL,    -- 영화 아이디
		TH_ID           CHAR(5)          NOT NULL,    -- 상영관 아이디
		TM_DATE         DATE             NOT NULL,    -- 상영하는 날짜
		TM_STR_TIME     VARCHAR2(5)      NOT NULL,    -- 영화 시작 시간
		TM_END_TIME     VARCHAR2(5)      NOT NULL,    -- 영화 끝나는 시간
		TM_PRICE        NUMBER(5)        NOT NULL     -- 가격
);

--서울(송파)
INSERT INTO TIMETABLE_TBL VALUES('TM0021', 'M0001', 'TH005', TO_DATE('2022-03-24', 'YYYY-MM-DD'), '10:40', '12:57', '13000');
INSERT INTO TIMETABLE_TBL VALUES('TM0022', 'M0001', 'TH006', TO_DATE('2022-03-24', 'YYYY-MM-DD'), '12:30', '14:47', '13000');
INSERT INTO TIMETABLE_TBL VALUES('TM0023', 'M0002', 'TH006', TO_DATE('2022/03/24', 'YYYY-MM-DD'), '10:10', '12:06', '13000');
INSERT INTO TIMETABLE_TBL VALUES('TM0024', 'M0002', 'TH021', TO_DATE('2022/03/24', 'YYYY-MM-DD'), '12:05', '14:01', '17000');
INSERT INTO TIMETABLE_TBL VALUES('TM0025', 'M0003', 'TH005', TO_DATE('2022/03/24', 'YYYY-MM-DD'), '13:20', '15:14', '13000');
INSERT INTO TIMETABLE_TBL VALUES('TM0026', 'M0003', 'TH006', TO_DATE('2022/03/24', 'YYYY-MM-DD'), '15:10', '17:04', '13000');
INSERT INTO TIMETABLE_TBL VALUES('TM0027', 'M0003', 'TH021', TO_DATE('2022/03/24', 'YYYY-MM-DD'), '15:30', '17:24', '17000');
INSERT INTO TIMETABLE_TBL VALUES('TM0028', 'M0004', 'TH005', TO_DATE('2022/03/24', 'YYYY-MM-DD'), '16:40', '18:34', '13000');
INSERT INTO TIMETABLE_TBL VALUES('TM0029', 'M0006', 'TH014', TO_DATE('2022/03/24', 'YYYY-MM-DD'), '14:15', '16:32', '18000');
INSERT INTO TIMETABLE_TBL VALUES('TM0030', 'M0006', 'TH014', TO_DATE('2022/03/24', 'YYYY-MM-DD'), '17:05', '19:22', '18000');

INSERT INTO TIMETABLE_TBL VALUES('TM0031', 'M0001', 'TH005', TO_DATE('2022/03/25', 'YYYY-MM-DD'), '10:50', '13:07', '13000');
INSERT INTO TIMETABLE_TBL VALUES('TM0032', 'M0002', 'TH006', TO_DATE('2022/03/25', 'YYYY-MM-DD'), '11:50', '13:44', '13000');
INSERT INTO TIMETABLE_TBL VALUES('TM0033', 'M0002', 'TH005', TO_DATE('2022/03/25', 'YYYY-MM-DD'), '13:30', '15:26', '13000');
INSERT INTO TIMETABLE_TBL VALUES('TM0034', 'M0002', 'TH005', TO_DATE('2022/03/25', 'YYYY-MM-DD'), '16:05', '18:04', '13000');
INSERT INTO TIMETABLE_TBL VALUES('TM0035', 'M0003', 'TH006', TO_DATE('2022/03/25', 'YYYY-MM-DD'), '14:20', '16:14', '13000');
INSERT INTO TIMETABLE_TBL VALUES('TM0036', 'M0003', 'TH021', TO_DATE('2022/03/25', 'YYYY-MM-DD'), '13:05', '14:59', '17000');
INSERT INTO TIMETABLE_TBL VALUES('TM0037', 'M0004', 'TH006', TO_DATE('2022/03/25', 'YYYY-MM-DD'), '16:50', '18:56', '13000');
INSERT INTO TIMETABLE_TBL VALUES('TM0038', 'M0004', 'TH021', TO_DATE('2022/03/25', 'YYYY-MM-DD'), '15:45', '17:39', '17000');
INSERT INTO TIMETABLE_TBL VALUES('TM0039', 'M0006', 'TH014', TO_DATE('2022/03/25', 'YYYY-MM-DD'), '12:45', '15:02', '18000');
INSERT INTO TIMETABLE_TBL VALUES('TM0040', 'M0006', 'TH014', TO_DATE('2022/03/25', 'YYYY-MM-DD'), '16:05', '18:22', '18000');

INSERT INTO TIMETABLE_TBL VALUES('TM0061', 'M0002', 'TH022', TO_DATE('2022-03-24', 'YYYY-MM-DD'), '11:30', '13:26', '13000');
INSERT INTO TIMETABLE_TBL VALUES('TM0062', 'M0002', 'TH023', TO_DATE('2022-03-24', 'YYYY-MM-DD'), '12:45', '14:41', '13000');
INSERT INTO TIMETABLE_TBL VALUES('TM0063', 'M0003', 'TH024', TO_DATE('2022-03-24', 'YYYY-MM-DD'), '12:30', '14:24', '13000');
INSERT INTO TIMETABLE_TBL VALUES('TM0064', 'M0003', 'TH034', TO_DATE('2022-03-24', 'YYYY-MM-DD'), '13:05', '14:59', '15000');
INSERT INTO TIMETABLE_TBL VALUES('TM0065', 'M0003', 'TH039', TO_DATE('2022-03-24', 'YYYY-MM-DD'), '11:20', '13:14', '17000');
INSERT INTO TIMETABLE_TBL VALUES('TM0066', 'M0004', 'TH022', TO_DATE('2022-03-24', 'YYYY-MM-DD'), '13:40', '15:46', '13000');
INSERT INTO TIMETABLE_TBL VALUES('TM0067', 'M0004', 'TH035', TO_DATE('2022-03-24', 'YYYY-MM-DD'), '14:45', '16:51', '40000');
INSERT INTO TIMETABLE_TBL VALUES('TM0068', 'M0004', 'TH039', TO_DATE('2022-03-24', 'YYYY-MM-DD'), '13:35', '15:41', '17000');
INSERT INTO TIMETABLE_TBL VALUES('TM0069', 'M0004', 'TH039', TO_DATE('2022-03-24', 'YYYY-MM-DD'), '16:05', '18:11', '17000');
INSERT INTO TIMETABLE_TBL VALUES('TM0070', 'M0005', 'TH023', TO_DATE('2022-03-24', 'YYYY-MM-DD'), '15:00', '16:55', '13000');

INSERT INTO TIMETABLE_TBL VALUES('TM0071', 'M0002', 'TH024', TO_DATE('2022-03-25', 'YYYY-MM-DD'), '14:40', '16:36', '13000');
INSERT INTO TIMETABLE_TBL VALUES('TM0072', 'M0003', 'TH022', TO_DATE('2022-03-25', 'YYYY-MM-DD'), '12:15', '14:09', '13000');
INSERT INTO TIMETABLE_TBL VALUES('TM0073', 'M0003', 'TH034', TO_DATE('2022-03-25', 'YYYY-MM-DD'), '12:40', '14:34', '15000');
INSERT INTO TIMETABLE_TBL VALUES('TM0074', 'M0003', 'TH039', TO_DATE('2022-03-25', 'YYYY-MM-DD'), '12:25', '14:19', '17000');
INSERT INTO TIMETABLE_TBL VALUES('TM0075', 'M0004', 'TH023', TO_DATE('2022-03-25', 'YYYY-MM-DD'), '14:10', '16:16', '13000');
INSERT INTO TIMETABLE_TBL VALUES('TM0076', 'M0004', 'TH035', TO_DATE('2022-03-25', 'YYYY-MM-DD'), '14:30', '16:36', '40000');
INSERT INTO TIMETABLE_TBL VALUES('TM0077', 'M0004', 'TH022', TO_DATE('2022-03-25', 'YYYY-MM-DD'), '14:20', '16:26', '13000');
INSERT INTO TIMETABLE_TBL VALUES('TM0078', 'M0004', 'TH039', TO_DATE('2022-03-25', 'YYYY-MM-DD'), '15:45', '17:51', '17000');
INSERT INTO TIMETABLE_TBL VALUES('TM0079', 'M0005', 'TH023', TO_DATE('2022-03-25', 'YYYY-MM-DD'), '17:10', '19:05', '13000');
INSERT INTO TIMETABLE_TBL VALUES('TM0080', 'M0005', 'TH034', TO_DATE('2022-03-25', 'YYYY-MM-DD'), '18:00', '19:55', '15000');

--대구(수성)
INSERT INTO TIMETABLE_TBL VALUES('TM0081', 'M0083', 'TH042', TO_DATE('2022-03-24', 'YYYY-MM-DD'), '09:10', '10:54', '13000');
INSERT INTO TIMETABLE_TBL VALUES('TM0082', 'M0082', 'TH051', TO_DATE('2022-03-24', 'YYYY-MM-DD'), '10:30', '12:36', '15000');
INSERT INTO TIMETABLE_TBL VALUES('TM0083', 'M0079', 'TH043', TO_DATE('2022-03-24', 'YYYY-MM-DD'), '12:20', '14:03', '13000');
INSERT INTO TIMETABLE_TBL VALUES('TM0084', 'M0072', 'TH042', TO_DATE('2022-03-24', 'YYYY-MM-DD'), '13:05', '15:11', '13000');
INSERT INTO TIMETABLE_TBL VALUES('TM0085', 'M0060', 'TH044', TO_DATE('2022-03-24', 'YYYY-MM-DD'), '15:10', '17:02', '13000');
INSERT INTO TIMETABLE_TBL VALUES('TM0086', 'M0053', 'TH052', TO_DATE('2022-03-24', 'YYYY-MM-DD'), '15:40', '17:43', '15000');
INSERT INTO TIMETABLE_TBL VALUES('TM0087', 'M0047', 'TH043', TO_DATE('2022-03-24', 'YYYY-MM-DD'), '13:25', '16:09', '13000');
INSERT INTO TIMETABLE_TBL VALUES('TM0088', 'M0037', 'TH051', TO_DATE('2022-03-24', 'YYYY-MM-DD'), '14:20', '16:36', '15000');
INSERT INTO TIMETABLE_TBL VALUES('TM0089', 'M0004', 'TH052', TO_DATE('2022-03-24', 'YYYY-MM-DD'), '16:20', '18:26', '15000');
INSERT INTO TIMETABLE_TBL VALUES('TM0090', 'M0005', 'TH042', TO_DATE('2022-03-24', 'YYYY-MM-DD'), '23:10', '02:05', '13000');

INSERT INTO TIMETABLE_TBL VALUES('TM0091', 'M0082', 'TH042', TO_DATE('2022-03-25', 'YYYY-MM-DD'), '11:45', '13:51', '13000');
INSERT INTO TIMETABLE_TBL VALUES('TM0092', 'M0079', 'TH042', TO_DATE('2022-03-25', 'YYYY-MM-DD'), '14:10', '15:53', '13000');
INSERT INTO TIMETABLE_TBL VALUES('TM0093', 'M0083', 'TH052', TO_DATE('2022-03-25', 'YYYY-MM-DD'), '12:05', '13:49', '15000');
INSERT INTO TIMETABLE_TBL VALUES('TM0094', 'M0004', 'TH043', TO_DATE('2022-03-25', 'YYYY-MM-DD'), '12:30', '14:36', '13000');
INSERT INTO TIMETABLE_TBL VALUES('TM0095', 'M0005', 'TH043', TO_DATE('2022-03-25', 'YYYY-MM-DD'), '15:20', '17:15', '13000');
INSERT INTO TIMETABLE_TBL VALUES('TM0096', 'M0047', 'TH044', TO_DATE('2022-03-25', 'YYYY-MM-DD'), '14:50', '17:34', '13000');
INSERT INTO TIMETABLE_TBL VALUES('TM0097', 'M0037', 'TH043', TO_DATE('2022-03-25', 'YYYY-MM-DD'), '14:10', '16:26', '13000');
INSERT INTO TIMETABLE_TBL VALUES('TM0098', 'M0072', 'TH051', TO_DATE('2022-03-25', 'YYYY-MM-DD'), '15:50', '17:56', '15000');
INSERT INTO TIMETABLE_TBL VALUES('TM0099', 'M0053', 'TH044', TO_DATE('2022-03-25', 'YYYY-MM-DD'), '18:05', '19:08', '13000');
INSERT INTO TIMETABLE_TBL VALUES('TM0100', 'M0005', 'TH052', TO_DATE('2022-03-25', 'YYYY-MM-DD'), '18:20', '20:12', '15000');

--대구(스타디움)
INSERT INTO TIMETABLE_TBL VALUES('TM0101', 'M0002', 'TH045', TO_DATE('2022-03-24', 'YYYY-MM-DD'), '09:10', '11:27', '13000');
INSERT INTO TIMETABLE_TBL VALUES('TM0102', 'M0027', 'TH053', TO_DATE('2022-03-24', 'YYYY-MM-DD'), '14:30', '16:21', '15000');
INSERT INTO TIMETABLE_TBL VALUES('TM0103', 'M0031', 'TH045', TO_DATE('2022-03-24', 'YYYY-MM-DD'), '15:20', '17:20', '13000');
INSERT INTO TIMETABLE_TBL VALUES('TM0104', 'M0047', 'TH046', TO_DATE('2022-03-24', 'YYYY-MM-DD'), '13:05', '15:49', '13000');
INSERT INTO TIMETABLE_TBL VALUES('TM0105', 'M0044', 'TH046', TO_DATE('2022-03-24', 'YYYY-MM-DD'), '16:10', '18:03', '13000');
INSERT INTO TIMETABLE_TBL VALUES('TM0106', 'M0052', 'TH057', TO_DATE('2022-03-24', 'YYYY-MM-DD'), '15:40', '17:38', '17000');
INSERT INTO TIMETABLE_TBL VALUES('TM0107', 'M0060', 'TH047', TO_DATE('2022-03-24', 'YYYY-MM-DD'), '13:25', '15:15', '13000');
INSERT INTO TIMETABLE_TBL VALUES('TM0108', 'M0064', 'TH064', TO_DATE('2022-03-24', 'YYYY-MM-DD'), '14:50', '17:15', '15000');
INSERT INTO TIMETABLE_TBL VALUES('TM0109', 'M0067', 'TH057', TO_DATE('2022-03-24', 'YYYY-MM-DD'), '17:50', '19:42', '17000');
INSERT INTO TIMETABLE_TBL VALUES('TM0110', 'M0051', 'TH047', TO_DATE('2022-03-24', 'YYYY-MM-DD'), '23:10', '01:23', '13000');

INSERT INTO TIMETABLE_TBL VALUES('TM0111', 'M0002', 'TH046', TO_DATE('2022-03-25', 'YYYY-MM-DD'), '09:35', '11:31', '13000');
INSERT INTO TIMETABLE_TBL VALUES('TM0112', 'M0031', 'TH045', TO_DATE('2022-03-25', 'YYYY-MM-DD'), '09:10', '11:10', '13000');
INSERT INTO TIMETABLE_TBL VALUES('TM0113', 'M0027', 'TH053', TO_DATE('2022-03-25', 'YYYY-MM-DD'), '12:05', '13:56', '15000');
INSERT INTO TIMETABLE_TBL VALUES('TM0114', 'M0052', 'TH045', TO_DATE('2022-03-25', 'YYYY-MM-DD'), '14:30', '16:28', '13000');
INSERT INTO TIMETABLE_TBL VALUES('TM0115', 'M0047', 'TH047', TO_DATE('2022-03-25', 'YYYY-MM-DD'), '14:20', '17:04', '13000');
INSERT INTO TIMETABLE_TBL VALUES('TM0116', 'M0067', 'TH045', TO_DATE('2022-03-25', 'YYYY-MM-DD'), '20:50', '22:42', '13000');
INSERT INTO TIMETABLE_TBL VALUES('TM0117', 'M0044', 'TH047', TO_DATE('2022-03-25', 'YYYY-MM-DD'), '18:10', '20:03', '13000');
INSERT INTO TIMETABLE_TBL VALUES('TM0118', 'M0060', 'TH057', TO_DATE('2022-03-25', 'YYYY-MM-DD'), '15:50', '17:42', '17000');
INSERT INTO TIMETABLE_TBL VALUES('TM0119', 'M0051', 'TH046', TO_DATE('2022-03-25', 'YYYY-MM-DD'), '13:10', '15:23', '13000');
INSERT INTO TIMETABLE_TBL VALUES('TM0120', 'M0064', 'TH057', TO_DATE('2022-03-25', 'YYYY-MM-DD'), '18:20', '20:45', '17000');

--대구(현대)
INSERT INTO TIMETABLE_TBL VALUES('TM0121', 'M0063', 'TH048', TO_DATE('2022-03-24', 'YYYY-MM-DD'), '09:30', '11:14', '13000');
INSERT INTO TIMETABLE_TBL VALUES('TM0122', 'M0066', 'TH055', TO_DATE('2022-03-24', 'YYYY-MM-DD'), '14:30', '16:59', '15000');
INSERT INTO TIMETABLE_TBL VALUES('TM0123', 'M0083', 'TH048', TO_DATE('2022-03-24', 'YYYY-MM-DD'), '12:20', '14:04', '13000');
INSERT INTO TIMETABLE_TBL VALUES('TM0124', 'M0045', 'TH049', TO_DATE('2022-03-24', 'YYYY-MM-DD'), '13:05', '15:40', '13000');
INSERT INTO TIMETABLE_TBL VALUES('TM0125', 'M0049', 'TH049', TO_DATE('2022-03-24', 'YYYY-MM-DD'), '16:10', '18:22', '13000');
INSERT INTO TIMETABLE_TBL VALUES('TM0126', 'M0035', 'TH050', TO_DATE('2022-03-24', 'YYYY-MM-DD'), '13:40', '15:32', '13000');
INSERT INTO TIMETABLE_TBL VALUES('TM0127', 'M0017', 'TH050', TO_DATE('2022-03-24', 'YYYY-MM-DD'), '16:25', '19:03', '13000');
INSERT INTO TIMETABLE_TBL VALUES('TM0128', 'M0021', 'TH055', TO_DATE('2022-03-24', 'YYYY-MM-DD'), '17:50', '20:07', '15000');
INSERT INTO TIMETABLE_TBL VALUES('TM0129', 'M0069', 'TH056', TO_DATE('2022-03-24', 'YYYY-MM-DD'), '17:20', '19:09', '15000');
INSERT INTO TIMETABLE_TBL VALUES('TM0130', 'M0072', 'TH050', TO_DATE('2022-03-24', 'YYYY-MM-DD'), '23:10', '01:05', '13000');

INSERT INTO TIMETABLE_TBL VALUES('TM0131', 'M0066', 'TH049', TO_DATE('2022-03-25', 'YYYY-MM-DD'), '09:45', '12:14', '13000');
INSERT INTO TIMETABLE_TBL VALUES('TM0132', 'M0069', 'TH049', TO_DATE('2022-03-25', 'YYYY-MM-DD'), '15:10', '16:58', '13000');
INSERT INTO TIMETABLE_TBL VALUES('TM0133', 'M0017', 'TH055', TO_DATE('2022-03-25', 'YYYY-MM-DD'), '12:05', '14:43', '15000');
INSERT INTO TIMETABLE_TBL VALUES('TM0134', 'M0063', 'TH048', TO_DATE('2022-03-25', 'YYYY-MM-DD'), '12:30', '14:34', '13000');
INSERT INTO TIMETABLE_TBL VALUES('TM0135', 'M0045', 'TH048', TO_DATE('2022-03-25', 'YYYY-MM-DD'), '15:20', '17:55', '13000');
INSERT INTO TIMETABLE_TBL VALUES('TM0136', 'M0049', 'TH048', TO_DATE('2022-03-25', 'YYYY-MM-DD'), '23:50', '02:02', '13000');
INSERT INTO TIMETABLE_TBL VALUES('TM0137', 'M0035', 'TH050', TO_DATE('2022-03-25', 'YYYY-MM-DD'), '14:10', '16:02', '13000');
INSERT INTO TIMETABLE_TBL VALUES('TM0138', 'M0083', 'TH056', TO_DATE('2022-03-25', 'YYYY-MM-DD'), '15:50', '17:34', '15000');
INSERT INTO TIMETABLE_TBL VALUES('TM0139', 'M0021', 'TH050', TO_DATE('2022-03-25', 'YYYY-MM-DD'), '16:10', '18:27', '13000');
INSERT INTO TIMETABLE_TBL VALUES('TM0140', 'M0072', 'TH055', TO_DATE('2022-03-25', 'YYYY-MM-DD'), '18:20', '20:26', '15000');

--시간표 테이블 끝


--@@@
--영화 테이블 시작
CREATE TABLE MOVIE_TBL 
(
   M_ID             CHAR(5)              PRIMARY KEY, -- 영화 아이디
   M_NAME           VARCHAR2(200)        NOT NULL,    -- 영화 이름
   M_COUNTRY_GRP    CHAR(6)              NOT NULL,    -- 영화 국적 그룹코드 --GRP003
   M_COUNTRY        VARCHAR2(100)        NOT NULL,    -- 영화 국적
   M_RELEASE          VARCHAR2(50)         NOT NULL,    -- 영화 장르
   M_RUNTIME        NUMBER(3)            NOT NULL,    -- 상영시간(분)
   M_AGE_LIMIT      NUMBER(2)            NOT NULL,    -- 연령제한
   M_AGENCY_GRP   CHAR(6)              NOT NULL,    -- 배급사 그룹코드 --GRP004
   M_AGENCY    CHAR(7)              NOT NULL     -- 배급사
);

/*
 공통테이블 배급사 COM0001 
 장르: 액션 ACT
      코미디 CMDY    
      드라마 DRMA
      로맨스 ROM
      판타지 FANT
      SF    SF
      공포   HOR
      스릴러 THRIL
      전쟁  WAR
      애니메이션 ANIME
      다큐멘터리 DOC
      스포츠 SPO
      가족 FAM
      시대극 TIME
      역사 HST
      모험 ADV
      범죄 CRM
      미스테리 MIS\
      뮤지컬 MUSIC
      서부극 WEST
'%' 를 이용해서 다양하게 검색할 수 있도록 최대한 장르기준 다 설정. -왓챠피디아 사이트 참조-
전체이용가는 0으로 표시,  청불은 18로 표시
장르가 여러 개 일때, 구분자는 _ 사용.
장르 나열 기준은 성향이 강한 순서대로. 

배급사 정보: COM0005는 디즈니, 
      
*/

-- 장르별 
  --드라마성향이 강한 영화.   DRMA~

INSERT INTO MOVIE_TBL( M_ID , M_NAME, M_COUNTRY_GRP,  M_COUNTRY,  M_RELEASE, M_RUNTIME, M_AGE_LIMIT, M_AGENCY_GRP, M_AGENCY)
VALUES( 'M0001', '공작' , 'GRP003' , 'COM0021' , '2018', 137, 12 ,  'GRP004', 'COM0010' );
INSERT INTO MOVIE_TBL( M_ID , M_NAME, M_COUNTRY_GRP,  M_COUNTRY,  M_RELEASE, M_RUNTIME, M_AGE_LIMIT, M_AGENCY_GRP, M_AGENCY)
VALUES( 'M0002', '미나리' , 'GRP003' , 'COM0055' , '2020', 116, 12 , 'GRP004', 'COM0001' );
INSERT INTO MOVIE_TBL( M_ID , M_NAME, M_COUNTRY_GRP,  M_COUNTRY,  M_RELEASE, M_RUNTIME, M_AGE_LIMIT, M_AGENCY_GRP, M_AGENCY)
VALUES( 'M0003', '곡성' , 'GRP003' , 'COM0021' , '2016',  156, 15 ,  'GRP004', 'COM0002' );
INSERT INTO MOVIE_TBL( M_ID , M_NAME, M_COUNTRY_GRP,  M_COUNTRY,  M_RELEASE, M_RUNTIME, M_AGE_LIMIT,  M_AGENCY_GRP, M_AGENCY)
VALUES( 'M0004', '블레이드 러너 2049' , 'GRP003' , 'COM0055' ,  '2017', 164, 15 ,  'GRP004', 'COM0007' );
INSERT INTO MOVIE_TBL( M_ID , M_NAME, M_COUNTRY_GRP,  M_COUNTRY,  M_RELEASE, M_RUNTIME, M_AGE_LIMIT,  M_AGENCY_GRP, M_AGENCY)
VALUES( 'M0005', '조커' , 'GRP003' , 'COM0156' , '2019', 123, 15 ,  'GRP004', 'COM0003' );
INSERT INTO MOVIE_TBL( M_ID , M_NAME, M_COUNTRY_GRP,  M_COUNTRY,  M_RELEASE, M_RUNTIME, M_AGE_LIMIT,  M_AGENCY_GRP, M_AGENCY)
VALUES( 'M0006', '코코' , 'GRP003' , 'COM0055' ,  '2017' , 137, 12 ,  'GRP004', 'COM0005' );
INSERT INTO MOVIE_TBL( M_ID , M_NAME, M_COUNTRY_GRP,  M_COUNTRY, M_RELEASE, M_RUNTIME, M_AGE_LIMIT, M_AGENCY_GRP, M_AGENCY)
VALUES( 'M0007', '집으로 가는 길' , 'GRP003' , 'COM0021' , '2013' , 131, 15 , 'GRP004', 'COM0009' );
INSERT INTO MOVIE_TBL( M_ID , M_NAME, M_COUNTRY_GRP,  M_COUNTRY, M_RELEASE, M_RUNTIME, M_AGE_LIMIT, M_AGENCY_GRP, M_AGENCY)
VALUES( 'M0008', '라디오 스타' , 'GRP003' , 'COM0021' , '2006' , 115, 12 , 'GRP004', 'COM0011' );
INSERT INTO MOVIE_TBL( M_ID , M_NAME, M_COUNTRY_GRP,  M_COUNTRY, M_RELEASE, M_RUNTIME, M_AGE_LIMIT, M_AGENCY_GRP, M_AGENCY)
VALUES( 'M0009', '왕의 남자' , 'GRP003' , 'COM0021' , '2005' , 119, 15 , 'GRP004', 'COM0011' );
INSERT INTO MOVIE_TBL( M_ID , M_NAME, M_COUNTRY_GRP,  M_COUNTRY, M_RELEASE, M_RUNTIME, M_AGE_LIMIT, M_AGENCY_GRP, M_AGENCY)
VALUES( 'M0010', '김씨 표류기' , 'GRP003' , 'COM0021' , '2009' , 116, 12 , 'GRP004', 'COM0010' );
INSERT INTO MOVIE_TBL( M_ID , M_NAME, M_COUNTRY_GRP,  M_COUNTRY, M_RELEASE, M_RUNTIME, M_AGE_LIMIT, M_AGENCY_GRP, M_AGENCY)
VALUES( 'M0011', '국가부도의 날' , 'GRP003' , 'COM0021' , '2018' , 114, 12 , 'GRP004', 'COM0009' );
INSERT INTO MOVIE_TBL( M_ID , M_NAME, M_COUNTRY_GRP,  M_COUNTRY, M_RELEASE, M_RUNTIME, M_AGE_LIMIT, M_AGENCY_GRP, M_AGENCY)
VALUES( 'M0012', '기생충' , 'GRP003' , 'COM0021' , '2019' , 131, 15 , 'GRP004', 'COM0009' );
INSERT INTO MOVIE_TBL( M_ID , M_NAME, M_COUNTRY_GRP,  M_COUNTRY, M_RELEASE, M_RUNTIME, M_AGE_LIMIT, M_AGENCY_GRP, M_AGENCY)
VALUES( 'M0013', '트루먼 쇼' , 'GRP003' , 'COM0055' , '1998' , 102, 12 , 'GRP004', 'COM0007' );
INSERT INTO MOVIE_TBL( M_ID , M_NAME, M_COUNTRY_GRP,  M_COUNTRY, M_RELEASE, M_RUNTIME, M_AGE_LIMIT, M_AGENCY_GRP, M_AGENCY)
VALUES( 'M0014', '1917' , 'GRP003' , 'COM0122' , '2019' , 119, 15 , 'GRP004', 'COM0001' );
INSERT INTO MOVIE_TBL( M_ID , M_NAME, M_COUNTRY_GRP,   M_COUNTRY, M_RELEASE, M_RUNTIME, M_AGE_LIMIT, M_AGENCY_GRP, M_AGENCY)
VALUES( 'M0015', '진짜로 일어날지도 몰라 기적' , 'GRP003' , 'COM0139' , '2011' , 128, 0 , 'GRP004', 'COM0003' );
INSERT INTO MOVIE_TBL( M_ID , M_NAME, M_COUNTRY_GRP,  M_COUNTRY, M_RELEASE, M_RUNTIME, M_AGE_LIMIT, M_AGENCY_GRP, M_AGENCY)
VALUES( 'M0016', '줄무늬 파자마를 입은 소년' , 'GRP003' , 'COM0122' , '2008' , 94, 12 , 'GRP004', 'COM0008' );
INSERT INTO MOVIE_TBL( M_ID , M_NAME, M_COUNTRY_GRP,  M_COUNTRY, M_RELEASE, M_RUNTIME, M_AGE_LIMIT, M_AGENCY_GRP, M_AGENCY)
VALUES( 'M0017', '레미제라블' , 'GRP003' , 'COM0188' , '2012' , 158, 12 , 'GRP004', 'COM0011' );
INSERT INTO MOVIE_TBL( M_ID , M_NAME, M_COUNTRY_GRP,  M_COUNTRY, M_RELEASE, M_RUNTIME, M_AGE_LIMIT, M_AGENCY_GRP, M_AGENCY)
VALUES( 'M0018', '데이비드 게일' , 'GRP003' , 'COM0055' , '2003' , 130, 15 , 'GRP004', 'COM0002' );
INSERT INTO MOVIE_TBL( M_ID , M_NAME, M_COUNTRY_GRP,  M_COUNTRY, M_RELEASE, M_RUNTIME, M_AGE_LIMIT, M_AGENCY_GRP, M_AGENCY)
VALUES( 'M0019', '어톤먼트' , 'GRP003' , 'COM0122' , '2007' , 123, 15 , 'GRP004', 'COM0009' );
INSERT INTO MOVIE_TBL( M_ID , M_NAME, M_COUNTRY_GRP,  M_COUNTRY, M_RELEASE, M_RUNTIME, M_AGE_LIMIT, M_AGENCY_GRP, M_AGENCY)
VALUES( 'M0020', '스물' , 'GRP003' , 'COM0021' , '2014' , 115, 15 , 'GRP004', 'COM0008' );
-- 스릴러 성향이 강한 영화들 THRIL~
INSERT INTO MOVIE_TBL( M_ID , M_NAME, M_COUNTRY_GRP,  M_COUNTRY, M_RELEASE, M_RUNTIME, M_AGE_LIMIT, M_AGENCY_GRP, M_AGENCY)
VALUES( 'M0021', '괴물' , 'GRP003' , 'COM0021' , '2006' , 137, 12 , 'GRP004', 'COM0011' );
INSERT INTO MOVIE_TBL( M_ID , M_NAME, M_COUNTRY_GRP,  M_COUNTRY, M_RELEASE, M_RUNTIME, M_AGE_LIMIT, M_AGENCY_GRP, M_AGENCY)
VALUES( 'M0022', '겟 아웃' , 'GRP003' , 'COM0055' , '2017' , 104, 15 , 'GRP004', 'COM0001' ); 
INSERT INTO MOVIE_TBL( M_ID , M_NAME, M_COUNTRY_GRP,  M_COUNTRY, M_RELEASE, M_RUNTIME, M_AGE_LIMIT, M_AGENCY_GRP, M_AGENCY)
VALUES( 'M0023', '세븐' , 'GRP003' , 'COM0055' , '1995' , 147, 18 , 'GRP004', 'COM0005' );
INSERT INTO MOVIE_TBL( M_ID , M_NAME, M_COUNTRY_GRP,  M_COUNTRY, M_RELEASE, M_RUNTIME, M_AGE_LIMIT, M_AGENCY_GRP, M_AGENCY)
VALUES( 'M0024', '캐리비안의 해적: 망자의 함' , 'GRP003' , 'COM0055' , '2006' , 143, 12 , 'GRP004', 'COM0003' );
-- 로맨스 성향이 강한 영화들 ROM~
INSERT INTO MOVIE_TBL( M_ID , M_NAME, M_COUNTRY_GRP,  M_COUNTRY, M_RELEASE, M_RUNTIME, M_AGE_LIMIT, M_AGENCY_GRP, M_AGENCY)
VALUES( 'M0025', '늑대소년' , 'GRP003' , 'COM0021' , '2012' , 125, 15 , 'GRP004', 'COM0008' );
INSERT INTO MOVIE_TBL( M_ID , M_NAME, M_COUNTRY_GRP,  M_COUNTRY, M_RELEASE, M_RUNTIME, M_AGE_LIMIT, M_AGENCY_GRP, M_AGENCY)
VALUES( 'M0026', '말할 수 없는 비밀' , 'GRP003' , 'COM0016' , '2007' , 101, 12 , 'GRP004', 'COM0008' );
INSERT INTO MOVIE_TBL( M_ID , M_NAME, M_COUNTRY_GRP,  M_COUNTRY, M_RELEASE, M_RUNTIME, M_AGE_LIMIT, M_AGENCY_GRP, M_AGENCY)
VALUES( 'M0027', '클래식' , 'GRP003' , 'COM0021' , '2003' , 132, 12 , 'GRP004', 'COM0007' );
-- 코미디 성향이 강한 영화들 CMDY~
INSERT INTO MOVIE_TBL( M_ID , M_NAME, M_COUNTRY_GRP,  M_COUNTRY, M_RELEASE, M_RUNTIME, M_AGE_LIMIT, M_AGENCY_GRP, M_AGENCY)
VALUES( 'M0028', '헬로우 고스트' , 'GRP003' , 'COM0021' , '2010' , 111, 12 , 'GRP004', 'COM0004' );
INSERT INTO MOVIE_TBL( M_ID , M_NAME, M_COUNTRY_GRP,  M_COUNTRY, M_RELEASE, M_RUNTIME, M_AGE_LIMIT, M_AGENCY_GRP, M_AGENCY)
VALUES( 'M0029', '인사이드 아웃' , 'GRP003' , 'COM0055' , '2015' , 102, 0 , 'GRP004', 'COM0004' );
INSERT INTO MOVIE_TBL( M_ID , M_NAME, M_COUNTRY_GRP,  M_COUNTRY, M_RELEASE, M_RUNTIME, M_AGE_LIMIT, M_AGENCY_GRP, M_AGENCY)
VALUES( 'M0030', '쓰리 빌보드' , 'GRP003' , 'COM0122' , '2017' , 115, 15 , 'GRP004', 'COM0007' );
-----
INSERT INTO MOVIE_TBL( M_ID , M_NAME, M_COUNTRY_GRP,  M_COUNTRY, M_RELEASE, M_RUNTIME, M_AGE_LIMIT, M_AGENCY_GRP, M_AGENCY)
VALUES( 'M0031', '글래디에이터' , 'GRP003' , 'COM0055' , '2000' , 154, 15 , 'GRP004', 'COM0004' );
INSERT INTO MOVIE_TBL( M_ID , M_NAME, M_COUNTRY_GRP,  M_COUNTRY, M_RELEASE, M_RUNTIME, M_AGE_LIMIT, M_AGENCY_GRP, M_AGENCY)
VALUES( 'M0032', '매드맥스: 분노의 도로' , 'GRP003' , 'COM0055' , '2015' , 120, 15 , 'GRP004', 'COM0011' );
INSERT INTO MOVIE_TBL( M_ID , M_NAME, M_COUNTRY_GRP,  M_COUNTRY, M_RELEASE, M_RUNTIME, M_AGE_LIMIT, M_AGENCY_GRP, M_AGENCY)
VALUES( 'M0033', '레옹' , 'GRP003' , 'COM0055' , '1994' , 110, 18 , 'GRP004', 'COM0003' );
INSERT INTO MOVIE_TBL( M_ID , M_NAME, M_COUNTRY_GRP,  M_COUNTRY, M_RELEASE, M_RUNTIME, M_AGE_LIMIT, M_AGENCY_GRP, M_AGENCY)
VALUES( 'M0034', '밀정' , 'GRP003' , 'COM0021' , '2016' , 140, 15 , 'GRP004', 'COM0004' );
INSERT INTO MOVIE_TBL( M_ID , M_NAME, M_COUNTRY_GRP,  M_COUNTRY, M_RELEASE, M_RUNTIME, M_AGE_LIMIT, M_AGENCY_GRP, M_AGENCY)
VALUES( 'M0035', '인크레더블 헐크' , 'GRP003' , 'COM0055' , '2008' , 113, 15 , 'GRP004', 'COM0010' );
INSERT INTO MOVIE_TBL( M_ID , M_NAME, M_COUNTRY_GRP,  M_COUNTRY, M_RELEASE, M_RUNTIME, M_AGE_LIMIT, M_AGENCY_GRP, M_AGENCY)
VALUES( 'M0036', '토르:천둥의 신' , 'GRP003' , 'COM0055' , '2011' , 112, 12 , 'GRP004', 'COM0010' );
INSERT INTO MOVIE_TBL( M_ID , M_NAME, M_COUNTRY_GRP,  M_COUNTRY, M_RELEASE, M_RUNTIME, M_AGE_LIMIT, M_AGENCY_GRP, M_AGENCY)
VALUES( 'M0037', '토르:다크 월드' , 'GRP003' , 'COM0055' , '2013' , 150, 12 , 'GRP004', 'COM0010' );
INSERT INTO MOVIE_TBL( M_ID , M_NAME, M_COUNTRY_GRP,  M_COUNTRY, M_RELEASE, M_RUNTIME, M_AGE_LIMIT, M_AGENCY_GRP, M_AGENCY)
VALUES( 'M0038', '캡틴 아메리카: 윈터 솔져' , 'GRP003' , 'COM0055' , '2014' , 136, 15 , 'GRP004', 'COM0010' );
INSERT INTO MOVIE_TBL( M_ID , M_NAME, M_COUNTRY_GRP,  M_COUNTRY, M_RELEASE, M_RUNTIME, M_AGE_LIMIT, M_AGENCY_GRP, M_AGENCY)
VALUES( 'M0039', '캡틴 아메리카: 시빌 워' , 'GRP003' , 'COM0055' , '2016' , 147, 12 , 'GRP004', 'COM0010' );
INSERT INTO MOVIE_TBL( M_ID , M_NAME, M_COUNTRY_GRP,  M_COUNTRY, M_RELEASE, M_RUNTIME, M_AGE_LIMIT, M_AGENCY_GRP, M_AGENCY)
VALUES( 'M0040', '어벤져스:에이지 오브 울트론' , 'GRP003' , 'COM0055' , '2015' , 141, 12 , 'GRP004', 'COM0010' );
INSERT INTO MOVIE_TBL( M_ID , M_NAME, M_COUNTRY_GRP,  M_COUNTRY, M_RELEASE, M_RUNTIME, M_AGE_LIMIT, M_AGENCY_GRP, M_AGENCY)
VALUES( 'M0041', '어벤져스:인피니티 워' , 'GRP003' , 'COM0055' , '2018' , 149, 12 , 'GRP004', 'COM0010' );
--
INSERT INTO MOVIE_TBL( M_ID , M_NAME, M_COUNTRY_GRP,  M_COUNTRY, M_RELEASE, M_RUNTIME, M_AGE_LIMIT, M_AGENCY_GRP, M_AGENCY)
VALUES( 'M0042', '어벤져스:엔드게임' , 'GRP003' , 'COM0055' , '2019' , 181, 12 , 'GRP004', 'COM0010' );
INSERT INTO MOVIE_TBL( M_ID , M_NAME, M_COUNTRY_GRP,  M_COUNTRY, M_RELEASE, M_RUNTIME, M_AGE_LIMIT, M_AGENCY_GRP, M_AGENCY)
VALUES( 'M0043', '터미네이터' , 'GRP003' , 'COM0122' , '1984' , 108, 18 , 'GRP004', 'COM0003' );
INSERT INTO MOVIE_TBL( M_ID , M_NAME, M_COUNTRY_GRP,  M_COUNTRY, M_RELEASE, M_RUNTIME, M_AGE_LIMIT, M_AGENCY_GRP, M_AGENCY)
VALUES( 'M0044', '터미네이터2' , 'GRP003' , 'COM0055' , '1991' , 156, 15 , 'GRP004', 'COM0002' );
INSERT INTO MOVIE_TBL( M_ID , M_NAME, M_COUNTRY_GRP,  M_COUNTRY, M_RELEASE, M_RUNTIME, M_AGE_LIMIT, M_AGENCY_GRP, M_AGENCY)
VALUES( 'M0045', '베이비 드라이버' , 'GRP003' , 'COM0122' , '2017' , 113, 15 , 'GRP004', 'COM0009' );
INSERT INTO MOVIE_TBL( M_ID , M_NAME, M_COUNTRY_GRP,  M_COUNTRY, M_RELEASE, M_RUNTIME, M_AGE_LIMIT, M_AGENCY_GRP, M_AGENCY)
VALUES( 'M0046', '듄' , 'GRP003' , 'COM0055' , '2021' , 155, 12 , 'GRP004', 'COM0001' );
INSERT INTO MOVIE_TBL( M_ID , M_NAME, M_COUNTRY_GRP,  M_COUNTRY, M_RELEASE, M_RUNTIME, M_AGE_LIMIT, M_AGENCY_GRP, M_AGENCY)
VALUES( 'M0047', '킹콩' , 'GRP003' , 'COM0018' , '2005' , 186, 15 , 'GRP004', 'COM0002' );
INSERT INTO MOVIE_TBL( M_ID , M_NAME, M_COUNTRY_GRP,  M_COUNTRY, M_RELEASE, M_RUNTIME, M_AGE_LIMIT, M_AGENCY_GRP, M_AGENCY)
VALUES( 'M0048', '베테랑' , 'GRP003' , 'COM0021' , '2014' , 124, 15 , 'GRP004', 'COM0008' );
INSERT INTO MOVIE_TBL( M_ID , M_NAME, M_COUNTRY_GRP,  M_COUNTRY, M_RELEASE, M_RUNTIME, M_AGE_LIMIT, M_AGENCY_GRP, M_AGENCY)
VALUES( 'M0049', '범죄와의 전쟁: 나쁜놈들 전성시대' , 'GRP003' , 'COM0021' , '2012' , 132, 18 , 'GRP004', 'COM0007' );
INSERT INTO MOVIE_TBL( M_ID , M_NAME, M_COUNTRY_GRP,  M_COUNTRY, M_RELEASE, M_RUNTIME, M_AGE_LIMIT, M_AGENCY_GRP, M_AGENCY)
VALUES( 'M0050', '캐리비안의 해적: 블랙 펄의 저주' , 'GRP003' , 'COM0055' , '2003' , 143, 12 , 'GRP004', 'COM0003' );
INSERT INTO MOVIE_TBL( M_ID , M_NAME, M_COUNTRY_GRP,  M_COUNTRY, M_RELEASE, M_RUNTIME, M_AGE_LIMIT, M_AGENCY_GRP, M_AGENCY)
VALUES( 'M0051', '캐리비안의 해적: 세상의 끝에서' , 'GRP003' , 'COM0055' , '2007' , 168 , 12 , 'GRP004', 'COM0003' );
INSERT INTO MOVIE_TBL( M_ID , M_NAME, M_COUNTRY_GRP,  M_COUNTRY, M_RELEASE, M_RUNTIME, M_AGE_LIMIT, M_AGENCY_GRP, M_AGENCY)
VALUES( 'M0052', '캐리비안의 해적: 낯선조류' , 'GRP003' , 'COM0055' , '2011' , 137, 12 , 'GRP004', 'COM0003' );
INSERT INTO MOVIE_TBL( M_ID , M_NAME, M_COUNTRY_GRP,  M_COUNTRY, M_RELEASE, M_RUNTIME, M_AGE_LIMIT, M_AGENCY_GRP, M_AGENCY)
VALUES( 'M0053', '기억의 밤' , 'GRP003' , 'COM0021' , '2017' , 109, 15 , 'GRP004', 'COM0011' ); 
INSERT INTO MOVIE_TBL( M_ID , M_NAME, M_COUNTRY_GRP,  M_COUNTRY, M_RELEASE, M_RUNTIME, M_AGE_LIMIT, M_AGENCY_GRP, M_AGENCY)
VALUES( 'M0054', '콰이어트 플레이스' , 'GRP003' , 'COM0055' , '2018' , 90, 15 , 'GRP004', 'COM0005' ); 
INSERT INTO MOVIE_TBL( M_ID , M_NAME, M_COUNTRY_GRP,  M_COUNTRY, M_RELEASE, M_RUNTIME, M_AGE_LIMIT, M_AGENCY_GRP, M_AGENCY)
VALUES( 'M0055', '콰이어트 플레이스 2' , 'GRP003' , 'COM0055' , '2020' , 97, 15 , 'GRP004', 'COM0005' ); 
INSERT INTO MOVIE_TBL( M_ID , M_NAME, M_COUNTRY_GRP,  M_COUNTRY, M_RELEASE, M_RUNTIME, M_AGE_LIMIT, M_AGENCY_GRP, M_AGENCY)
VALUES( 'M0056', '애나벨' , 'GRP003' , 'COM0055' , '2014' , 99, 15 , 'GRP004', 'COM0005' ); 
INSERT INTO MOVIE_TBL( M_ID , M_NAME, M_COUNTRY_GRP,  M_COUNTRY, M_RELEASE, M_RUNTIME, M_AGE_LIMIT, M_AGENCY_GRP, M_AGENCY)
VALUES( 'M0057', '컨저링' , 'GRP003' , 'COM0055' , '2013' , 112, 15 , 'GRP004', 'COM0004' ); 
INSERT INTO MOVIE_TBL( M_ID , M_NAME, M_COUNTRY_GRP,  M_COUNTRY, M_RELEASE, M_RUNTIME, M_AGE_LIMIT, M_AGENCY_GRP, M_AGENCY)
VALUES( 'M0058', '컨저링 2' , 'GRP003' , 'COM0055' , '2016' , 134, 15 , 'GRP004', 'COM0004' );
INSERT INTO MOVIE_TBL( M_ID , M_NAME, M_COUNTRY_GRP,  M_COUNTRY, M_RELEASE, M_RUNTIME, M_AGE_LIMIT, M_AGENCY_GRP, M_AGENCY)
VALUES( 'M0059', '해피 데스데이' , 'GRP003' , 'COM0055' , '2017' , 96, 15 , 'GRP004', 'COM0004' );
INSERT INTO MOVIE_TBL( M_ID , M_NAME, M_COUNTRY_GRP,  M_COUNTRY, M_RELEASE, M_RUNTIME, M_AGE_LIMIT, M_AGENCY_GRP, M_AGENCY)
VALUES( 'M0060', '아이언맨' , 'GRP003' , 'COM0055' , '2008' , 145, 12 , 'GRP004', 'COM0010' );
INSERT INTO MOVIE_TBL( M_ID , M_NAME, M_COUNTRY_GRP,  M_COUNTRY, M_RELEASE, M_RUNTIME, M_AGE_LIMIT, M_AGENCY_GRP, M_AGENCY)
VALUES( 'M0061', '아이언맨2' , 'GRP003' , 'COM0055' , '2010' , 145, 12 , 'GRP004', 'COM0010' );
INSERT INTO MOVIE_TBL( M_ID , M_NAME, M_COUNTRY_GRP,  M_COUNTRY, M_RELEASE, M_RUNTIME, M_AGE_LIMIT, M_AGENCY_GRP, M_AGENCY)
VALUES( 'M0062', '아이언맨3' , 'GRP003' , 'COM0055' , '2013' , 149, 12 , 'GRP004', 'COM0010' );
INSERT INTO MOVIE_TBL( M_ID , M_NAME, M_COUNTRY_GRP,  M_COUNTRY, M_RELEASE, M_RUNTIME, M_AGE_LIMIT, M_AGENCY_GRP, M_AGENCY)
VALUES( 'M0063', '하울의 움직이는 성' , 'GRP003' , 'COM0139' , '2004' , 105, 0 , 'GRP004', 'COM0005' );
INSERT INTO MOVIE_TBL( M_ID , M_NAME, M_COUNTRY_GRP,  M_COUNTRY, M_RELEASE, M_RUNTIME, M_AGE_LIMIT, M_AGENCY_GRP, M_AGENCY)
VALUES( 'M0064', '센과 치히로의 행방불명' , 'GRP003' , 'COM0139' , '2001' , 126, 0 , 'GRP004', 'COM0005' );
INSERT INTO MOVIE_TBL( M_ID , M_NAME, M_COUNTRY_GRP,  M_COUNTRY, M_RELEASE, M_RUNTIME, M_AGE_LIMIT, M_AGENCY_GRP, M_AGENCY)
VALUES( 'M0065', '몬스터 주식회사' , 'GRP003' , 'COM0055' , '2001' , 92, 0 , 'GRP004', 'COM0005' );
INSERT INTO MOVIE_TBL( M_ID , M_NAME, M_COUNTRY_GRP,  M_COUNTRY, M_RELEASE, M_RUNTIME, M_AGE_LIMIT, M_AGENCY_GRP, M_AGENCY)
VALUES( 'M0066', '업' , 'GRP003' , 'COM0055' , '2009' , 96, 0 , 'GRP004', 'COM0004' );
INSERT INTO MOVIE_TBL( M_ID , M_NAME, M_COUNTRY_GRP,  M_COUNTRY, M_RELEASE, M_RUNTIME, M_AGE_LIMIT, M_AGENCY_GRP, M_AGENCY)
VALUES( 'M0067', '토이 스토리' , 'GRP003' , 'COM0055' , '1995' , 81, 0 , 'GRP004', 'COM0006' );
INSERT INTO MOVIE_TBL( M_ID , M_NAME, M_COUNTRY_GRP,  M_COUNTRY, M_RELEASE, M_RUNTIME, M_AGE_LIMIT, M_AGENCY_GRP, M_AGENCY)
VALUES( 'M0068', '토이 스토리 2' , 'GRP003' , 'COM0055' , '1999' , 94, 0 , 'GRP004', 'COM0006' );
INSERT INTO MOVIE_TBL( M_ID , M_NAME, M_COUNTRY_GRP,  M_COUNTRY, M_RELEASE, M_RUNTIME, M_AGE_LIMIT, M_AGENCY_GRP, M_AGENCY)
VALUES( 'M0069', '토이 스토리 3' , 'GRP003' , 'COM0055' , '2010' , 102, 0 , 'GRP004', 'COM0006' );
INSERT INTO MOVIE_TBL( M_ID , M_NAME, M_COUNTRY_GRP,  M_COUNTRY, M_RELEASE, M_RUNTIME, M_AGE_LIMIT, M_AGENCY_GRP, M_AGENCY)
VALUES( 'M0070', '토이 스토리 4' , 'GRP003' , 'COM0055' , '2019' , 100, 0 , 'GRP004', 'COM0006' );
INSERT INTO MOVIE_TBL( M_ID , M_NAME, M_COUNTRY_GRP,  M_COUNTRY, M_RELEASE, M_RUNTIME, M_AGE_LIMIT, M_AGENCY_GRP, M_AGENCY)
VALUES( 'M0071', '월-E' , 'GRP003' , 'COM0055' , '2008' , 103, 0 , 'GRP004', 'COM0004' );
INSERT INTO MOVIE_TBL( M_ID , M_NAME, M_COUNTRY_GRP,  M_COUNTRY, M_RELEASE, M_RUNTIME, M_AGE_LIMIT, M_AGENCY_GRP, M_AGENCY)
VALUES( 'M0072', '인크레더블' , 'GRP003' , 'COM0055' , '2004' , 115, 0 , 'GRP004', 'COM0004' );
INSERT INTO MOVIE_TBL( M_ID , M_NAME, M_COUNTRY_GRP,  M_COUNTRY, M_RELEASE, M_RUNTIME, M_AGE_LIMIT, M_AGENCY_GRP, M_AGENCY)
VALUES( 'M0073', '7월 4일생' , 'GRP003' , 'COM0055' , '1989' , 145, 15 , 'GRP004', 'COM0006' );
INSERT INTO MOVIE_TBL( M_ID , M_NAME, M_COUNTRY_GRP,  M_COUNTRY, M_RELEASE, M_RUNTIME, M_AGE_LIMIT, M_AGENCY_GRP, M_AGENCY)
VALUES( 'M0074', '라이프 오브 파이' , 'GRP003' , 'COM0055' , '2012' , 126, 0 , 'GRP004', 'COM0006' );
INSERT INTO MOVIE_TBL( M_ID , M_NAME, M_COUNTRY_GRP,  M_COUNTRY, M_RELEASE, M_RUNTIME, M_AGE_LIMIT, M_AGENCY_GRP, M_AGENCY)
VALUES( 'M0075', '위대한 쇼맨' , 'GRP003' , 'COM0055' , '2017' , 104, 12 , 'GRP004', 'COM0011' );
INSERT INTO MOVIE_TBL( M_ID , M_NAME, M_COUNTRY_GRP,  M_COUNTRY, M_RELEASE, M_RUNTIME, M_AGE_LIMIT, M_AGENCY_GRP, M_AGENCY)
VALUES( 'M0076', '장고:분노의 추적자' , 'GRP003' , 'COM0055' , '2012' , 165, 18 , 'GRP004', 'COM0011' );

--영화 테이블 끝


--@@@
--영화 장르 테이블 시작
CREATE TABLE GENRE_TBL
(
   IDX               NUMBER(8)       PRIMARY KEY, -- 인덱스
   M_ID              CHAR(5)         NOT NULL,    -- 영화 아이디
   G_GENRE_GRP       CHAR(6)         NOT NULL,    -- 장르 GRP
   G_GENRE           CHAR(7)         NOT NULL     -- 장르 값
);

INSERT INTO GENRE_TBL( IDX, M_ID, G_GENRE_GRP , G_GENRE)
VALUES(1, 'M0001', 'GRP008', 'COM0001' );
INSERT INTO GENRE_TBL( IDX, M_ID, G_GENRE_GRP , G_GENRE)
VALUES(2, 'M0002', 'GRP008', 'COM0001' );
INSERT INTO GENRE_TBL( IDX, M_ID, G_GENRE_GRP , G_GENRE)
VALUES(3, 'M0003', 'GRP008', 'COM0007' );
INSERT INTO GENRE_TBL( IDX, M_ID, G_GENRE_GRP , G_GENRE)
VALUES(4, 'M0004', 'GRP008', 'COM0005' );
INSERT INTO GENRE_TBL( IDX, M_ID, G_GENRE_GRP , G_GENRE)
VALUES(5, 'M0005', 'GRP008', 'COM0001' );
-- M0006 코코 
INSERT INTO GENRE_TBL( IDX, M_ID, G_GENRE_GRP , G_GENRE)
VALUES(6, 'M0006', 'GRP008', 'COM0008' );
INSERT INTO GENRE_TBL( IDX, M_ID, G_GENRE_GRP , G_GENRE)
VALUES(7, 'M0006', 'GRP008', 'COM0012' );
INSERT INTO GENRE_TBL( IDX, M_ID, G_GENRE_GRP , G_GENRE)
VALUES(8, 'M0006', 'GRP008', 'COM0015' );
-- M0007 집으로 가는길
INSERT INTO GENRE_TBL( IDX, M_ID, G_GENRE_GRP , G_GENRE)
VALUES(9, 'M0007', 'GRP008', 'COM0001' );
-- M0008 라디오 스타 드라마/코미디
INSERT INTO GENRE_TBL( IDX, M_ID, G_GENRE_GRP , G_GENRE)
VALUES(10, 'M0008', 'GRP008', 'COM0001' );
INSERT INTO GENRE_TBL( IDX, M_ID, G_GENRE_GRP , G_GENRE)
VALUES(11, 'M0008', 'GRP008', 'COM0003' );

-- M0009 왕의남자 드라마/시대극
INSERT INTO GENRE_TBL( IDX, M_ID, G_GENRE_GRP , G_GENRE)
VALUES(12, 'M0009', 'GRP008', 'COM0001' );
INSERT INTO GENRE_TBL( IDX, M_ID, G_GENRE_GRP , G_GENRE)
VALUES(13, 'M0009', 'GRP008', 'COM0014' );


-- M0010 김씨 표류기 드라마/로맨틱 코미디
INSERT INTO GENRE_TBL( IDX, M_ID, G_GENRE_GRP , G_GENRE)
VALUES(14, 'M0010', 'GRP008', 'COM0001' );
INSERT INTO GENRE_TBL( IDX, M_ID, G_GENRE_GRP , G_GENRE)
VALUES(15, 'M0010', 'GRP008', 'COM0004' );

--M0011 국가부도의 날 - 드라마
INSERT INTO GENRE_TBL( IDX, M_ID, G_GENRE_GRP , G_GENRE)
VALUES(16, 'M0011', 'GRP008', 'COM0001' );

--M0012 기생충 드라마
INSERT INTO GENRE_TBL( IDX, M_ID, G_GENRE_GRP , G_GENRE)
VALUES(17, 'M0012', 'GRP008', 'COM0001' );


--M0013 트루먼 쇼 드라마/SF/코미디
INSERT INTO GENRE_TBL( IDX, M_ID, G_GENRE_GRP , G_GENRE)
VALUES(18, 'M0013', 'GRP008', 'COM0001' );
INSERT INTO GENRE_TBL( IDX, M_ID, G_GENRE_GRP , G_GENRE)
VALUES(19, 'M0013', 'GRP008', 'COM0003' );
INSERT INTO GENRE_TBL( IDX, M_ID, G_GENRE_GRP , G_GENRE)
VALUES(20, 'M0013', 'GRP008', 'COM0009' );

--M0014 1917 드라마/전쟁
INSERT INTO GENRE_TBL( IDX, M_ID, G_GENRE_GRP , G_GENRE)
VALUES(21, 'M0014', 'GRP008', 'COM0001' );
INSERT INTO GENRE_TBL( IDX, M_ID, G_GENRE_GRP , G_GENRE)
VALUES(22, 'M0014', 'GRP008', 'COM0016' );

--M0015 진짜로 일어날지도 몰라 기적 - 드라마
INSERT INTO GENRE_TBL( IDX, M_ID, G_GENRE_GRP , G_GENRE)
VALUES(23, 'M0015', 'GRP008', 'COM0001' );

--M0016 줄무늬 파마자를 입은 소년 드라마/전쟁
INSERT INTO GENRE_TBL( IDX, M_ID, G_GENRE_GRP , G_GENRE)
VALUES(24, 'M0016', 'GRP008', 'COM0001' );
INSERT INTO GENRE_TBL( IDX, M_ID, G_GENRE_GRP , G_GENRE)
VALUES(25, 'M0016', 'GRP008', 'COM0016' );

--M0017 레미제라블 드라마
INSERT INTO GENRE_TBL( IDX, M_ID, G_GENRE_GRP , G_GENRE)
VALUES(26, 'M0017', 'GRP008', 'COM0001' );

--M0018 데이비드 게일 드라마/스릴러/범죄
INSERT INTO GENRE_TBL( IDX, M_ID, G_GENRE_GRP , G_GENRE)
VALUES(27, 'M0018', 'GRP008', 'COM0001' );
INSERT INTO GENRE_TBL( IDX, M_ID, G_GENRE_GRP , G_GENRE)
VALUES(28, 'M0018', 'GRP008', 'COM0007' );
INSERT INTO GENRE_TBL( IDX, M_ID, G_GENRE_GRP , G_GENRE)
VALUES(29, 'M0018', 'GRP008', 'COM0013' );


--M0019 어톤먼트 드라마/로맨스
INSERT INTO GENRE_TBL( IDX, M_ID, G_GENRE_GRP , G_GENRE)
VALUES(30, 'M0019', 'GRP008', 'COM0001' );
INSERT INTO GENRE_TBL( IDX, M_ID, G_GENRE_GRP , G_GENRE)
VALUES(31, 'M0019', 'GRP008', 'COM0002' );


--M0020 스물 드라마/코미디
INSERT INTO GENRE_TBL( IDX, M_ID, G_GENRE_GRP , G_GENRE)
VALUES(32, 'M0020', 'GRP008', 'COM0001' );
INSERT INTO GENRE_TBL( IDX, M_ID, G_GENRE_GRP , G_GENRE)
VALUES(33, 'M0020', 'GRP008', 'COM0003' );

--M0021 괴물 스릴러/가족/드라마
INSERT INTO GENRE_TBL( IDX, M_ID, G_GENRE_GRP , G_GENRE)
VALUES(34, 'M0021', 'GRP008', 'COM0007' );
INSERT INTO GENRE_TBL( IDX, M_ID, G_GENRE_GRP , G_GENRE)
VALUES(35, 'M0021', 'GRP008', 'COM0011' );
INSERT INTO GENRE_TBL( IDX, M_ID, G_GENRE_GRP , G_GENRE)
VALUES(36, 'M0021', 'GRP008', 'COM0001' );

--M0022 갯 아웃 미스테리/스릴러/공포
INSERT INTO GENRE_TBL( IDX, M_ID, G_GENRE_GRP , G_GENRE)
VALUES(37, 'M0022', 'GRP008', 'COM0010' );
INSERT INTO GENRE_TBL( IDX, M_ID, G_GENRE_GRP , G_GENRE)
VALUES(38, 'M0022', 'GRP008', 'COM0007' );
INSERT INTO GENRE_TBL( IDX, M_ID, G_GENRE_GRP , G_GENRE)
VALUES(39, 'M0022', 'GRP008', 'COM0006' );



--M0023 세븐 스릴러/범죄
INSERT INTO GENRE_TBL( IDX, M_ID, G_GENRE_GRP , G_GENRE)
VALUES(40, 'M0023', 'GRP008', 'COM0007' );
INSERT INTO GENRE_TBL( IDX, M_ID, G_GENRE_GRP , G_GENRE)
VALUES(41, 'M0023', 'GRP008', 'COM0013' );


--M0024 캐리비안의 해적: 망자의 함 스릴러/모험/판타지
INSERT INTO GENRE_TBL( IDX, M_ID, G_GENRE_GRP , G_GENRE)
VALUES(42, 'M0024', 'GRP008', 'COM0007' );
INSERT INTO GENRE_TBL( IDX, M_ID, G_GENRE_GRP , G_GENRE)
VALUES(43, 'M0024', 'GRP008', 'COM0012' );
INSERT INTO GENRE_TBL( IDX, M_ID, G_GENRE_GRP , G_GENRE)
VALUES(44, 'M0024', 'GRP008', 'COM0008' );


--M0025 늑대소년  로맨스/드라마/판타지
INSERT INTO GENRE_TBL( IDX, M_ID, G_GENRE_GRP , G_GENRE)
VALUES(45, 'M0025', 'GRP008', 'COM0001' );
INSERT INTO GENRE_TBL( IDX, M_ID, G_GENRE_GRP , G_GENRE)
VALUES(46, 'M0025', 'GRP008', 'COM0002' );
INSERT INTO GENRE_TBL( IDX, M_ID, G_GENRE_GRP , G_GENRE)
VALUES(47, 'M0025', 'GRP008', 'COM0008' );


--M0026 말할 수 없는 비밀 로맨스/판타지/드라마
INSERT INTO GENRE_TBL( IDX, M_ID, G_GENRE_GRP , G_GENRE)
VALUES(48, 'M0026', 'GRP008', 'COM0001' );
INSERT INTO GENRE_TBL( IDX, M_ID, G_GENRE_GRP , G_GENRE)
VALUES(49, 'M0026', 'GRP008', 'COM0002' );
INSERT INTO GENRE_TBL( IDX, M_ID, G_GENRE_GRP , G_GENRE)
VALUES(50, 'M0026', 'GRP008', 'COM0008' );

--M0027 클래식 로맨스/ 드라마
INSERT INTO GENRE_TBL( IDX, M_ID, G_GENRE_GRP , G_GENRE)
VALUES(51, 'M0027', 'GRP008', 'COM0001' );
INSERT INTO GENRE_TBL( IDX, M_ID, G_GENRE_GRP , G_GENRE)
VALUES(52, 'M0027', 'GRP008', 'COM0002' );


--M0028 헬로우 고스트 코미디/드라마
INSERT INTO GENRE_TBL( IDX, M_ID, G_GENRE_GRP , G_GENRE)
VALUES(53, 'M0028', 'GRP008', 'COM0001' );
INSERT INTO GENRE_TBL( IDX, M_ID, G_GENRE_GRP , G_GENRE)
VALUES(54, 'M0028', 'GRP008', 'COM0003' );

--M0029 인사이드 아웃 코미디/가족/드라마/애니메이션
INSERT INTO GENRE_TBL( IDX, M_ID, G_GENRE_GRP , G_GENRE)
VALUES(55, 'M0029', 'GRP008', 'COM0003' );
INSERT INTO GENRE_TBL( IDX, M_ID, G_GENRE_GRP , G_GENRE)
VALUES(56, 'M0029', 'GRP008', 'COM0011' );
INSERT INTO GENRE_TBL( IDX, M_ID, G_GENRE_GRP , G_GENRE)
VALUES(57, 'M0029', 'GRP008', 'COM0001' );
INSERT INTO GENRE_TBL( IDX, M_ID, G_GENRE_GRP , G_GENRE)
VALUES(58, 'M0029', 'GRP008', 'COM0015' );

--M0030 쓰리 빌보드 코미디/범죄/드라마
INSERT INTO GENRE_TBL( IDX, M_ID, G_GENRE_GRP , G_GENRE)
VALUES(59, 'M0030', 'GRP008', 'COM0001' );
INSERT INTO GENRE_TBL( IDX, M_ID, G_GENRE_GRP , G_GENRE)
VALUES(60, 'M0030', 'GRP008', 'COM0003' );
INSERT INTO GENRE_TBL( IDX, M_ID, G_GENRE_GRP , G_GENRE)
VALUES(61, 'M0030', 'GRP008', 'COM0013' );

--M0031 글래디에이터 액션/ 드라마/ 모험 
INSERT INTO GENRE_TBL( IDX, M_ID, G_GENRE_GRP , G_GENRE)
VALUES(62, 'M0031', 'GRP008', 'COM0001' );
INSERT INTO GENRE_TBL( IDX, M_ID, G_GENRE_GRP , G_GENRE)
VALUES(63, 'M0031', 'GRP008', 'COM0005' );
INSERT INTO GENRE_TBL( IDX, M_ID, G_GENRE_GRP , G_GENRE)
VALUES(64, 'M0031', 'GRP008', 'COM0012' );

--M0032 매드맥스 액션/모험/SF
INSERT INTO GENRE_TBL( IDX, M_ID, G_GENRE_GRP , G_GENRE)
VALUES(65, 'M0032', 'GRP008', 'COM0005' );
INSERT INTO GENRE_TBL( IDX, M_ID, G_GENRE_GRP , G_GENRE)
VALUES(66, 'M0032', 'GRP008', 'COM0012' );
INSERT INTO GENRE_TBL( IDX, M_ID, G_GENRE_GRP , G_GENRE)
VALUES(67, 'M0032', 'GRP008', 'COM0009' );

--M0033 레옹 액션/범죄/드라마
INSERT INTO GENRE_TBL( IDX, M_ID, G_GENRE_GRP , G_GENRE)
VALUES(68, 'M0033', 'GRP008', 'COM0005' );
INSERT INTO GENRE_TBL( IDX, M_ID, G_GENRE_GRP , G_GENRE)
VALUES(69, 'M0033', 'GRP008', 'COM0001' );
INSERT INTO GENRE_TBL( IDX, M_ID, G_GENRE_GRP , G_GENRE)
VALUES(70, 'M0033', 'GRP008', 'COM0013' );
--M0034 밀정 액션/시대극/드라마
INSERT INTO GENRE_TBL( IDX, M_ID, G_GENRE_GRP , G_GENRE)
VALUES(71, 'M0034', 'GRP008', 'COM0001' );
INSERT INTO GENRE_TBL( IDX, M_ID, G_GENRE_GRP , G_GENRE)
VALUES(72, 'M0034', 'GRP008', 'COM0005' );
INSERT INTO GENRE_TBL( IDX, M_ID, G_GENRE_GRP , G_GENRE)
VALUES(73, 'M0034', 'GRP008', 'COM0014' );
--M0035 인크레더블 헐크 액션/모험/SF
INSERT INTO GENRE_TBL( IDX, M_ID, G_GENRE_GRP , G_GENRE)
VALUES(74, 'M0035', 'GRP008', 'COM0005' );
INSERT INTO GENRE_TBL( IDX, M_ID, G_GENRE_GRP , G_GENRE)
VALUES(75, 'M0035', 'GRP008', 'COM0012' );
INSERT INTO GENRE_TBL( IDX, M_ID, G_GENRE_GRP , G_GENRE)
VALUES(76, 'M0035', 'GRP008', 'COM0009' );

--M0036 토르:천둥의 신 액션/모험/판타지
INSERT INTO GENRE_TBL( IDX, M_ID, G_GENRE_GRP , G_GENRE)
VALUES(77, 'M0036', 'GRP008', 'COM0005' );
INSERT INTO GENRE_TBL( IDX, M_ID, G_GENRE_GRP , G_GENRE)
VALUES(78, 'M0036', 'GRP008', 'COM0012' );
INSERT INTO GENRE_TBL( IDX, M_ID, G_GENRE_GRP , G_GENRE)
VALUES(79, 'M0036', 'GRP008', 'COM0008' );

--M0037 토르: 다크 월드 모험/판타지/액션
INSERT INTO GENRE_TBL( IDX, M_ID, G_GENRE_GRP , G_GENRE)
VALUES(80, 'M0037', 'GRP008', 'COM0012' );
INSERT INTO GENRE_TBL( IDX, M_ID, G_GENRE_GRP , G_GENRE)
VALUES(81, 'M0037', 'GRP008', 'COM0005' );
INSERT INTO GENRE_TBL( IDX, M_ID, G_GENRE_GRP , G_GENRE)
VALUES(82, 'M0037', 'GRP008', 'COM0008' );

--M0038 캡틴 아메리카: 윈터 솔져 액션/모험/ SF
INSERT INTO GENRE_TBL( IDX, M_ID, G_GENRE_GRP , G_GENRE)
VALUES(83, 'M0038', 'GRP008', 'COM0005' );
INSERT INTO GENRE_TBL( IDX, M_ID, G_GENRE_GRP , G_GENRE)
VALUES(84, 'M0038', 'GRP008', 'COM0012' );
INSERT INTO GENRE_TBL( IDX, M_ID, G_GENRE_GRP , G_GENRE)
VALUES(85, 'M0038', 'GRP008', 'COM0009' );

--M0039 캡틴 아메리카: 시빌 워 액션/모험/SF
INSERT INTO GENRE_TBL( IDX, M_ID, G_GENRE_GRP , G_GENRE)
VALUES(86, 'M0039', 'GRP008', 'COM0005' );
INSERT INTO GENRE_TBL( IDX, M_ID, G_GENRE_GRP , G_GENRE)
VALUES(87, 'M0039', 'GRP008', 'COM0012' );
INSERT INTO GENRE_TBL( IDX, M_ID, G_GENRE_GRP , G_GENRE)
VALUES(88, 'M0039', 'GRP008', 'COM0009' );

--M0040 어벤져스 에이지 오브 울트론 액션/모험/SF
INSERT INTO GENRE_TBL( IDX, M_ID, G_GENRE_GRP , G_GENRE)
VALUES(89, 'M0040', 'GRP008', 'COM0005' );
INSERT INTO GENRE_TBL( IDX, M_ID, G_GENRE_GRP , G_GENRE)
VALUES(90, 'M0040', 'GRP008', 'COM0012' );
INSERT INTO GENRE_TBL( IDX, M_ID, G_GENRE_GRP , G_GENRE)
VALUES(91, 'M0040', 'GRP008', 'COM0009' );


--M0041 어벤져스: 인피니티 워 액션/모험/SF
INSERT INTO GENRE_TBL( IDX, M_ID, G_GENRE_GRP , G_GENRE)
VALUES(92, 'M0041', 'GRP008', 'COM0005' );
INSERT INTO GENRE_TBL( IDX, M_ID, G_GENRE_GRP , G_GENRE)
VALUES(93, 'M0041', 'GRP008', 'COM0012' );
INSERT INTO GENRE_TBL( IDX, M_ID, G_GENRE_GRP , G_GENRE)
VALUES(94, 'M0041', 'GRP008', 'COM0009' );

---------------------

--M0042 어벤져스:엔드게임 액션/모험/SF
INSERT INTO GENRE_TBL( IDX, M_ID, G_GENRE_GRP , G_GENRE)
VALUES(95, 'M0042', 'GRP008', 'COM0005' );
INSERT INTO GENRE_TBL( IDX, M_ID, G_GENRE_GRP , G_GENRE)
VALUES(96, 'M0042', 'GRP008', 'COM0012' );
INSERT INTO GENRE_TBL( IDX, M_ID, G_GENRE_GRP , G_GENRE)
VALUES(97, 'M0042', 'GRP008', 'COM0009' );
--M0043, 터미네이터 액션/SF
INSERT INTO GENRE_TBL( IDX, M_ID, G_GENRE_GRP , G_GENRE)
VALUES(98, 'M0043', 'GRP008', 'COM0005' );
INSERT INTO GENRE_TBL( IDX, M_ID, G_GENRE_GRP , G_GENRE)
VALUES(99, 'M0043', 'GRP008', 'COM0009' );

--M0044, 터미네이터2 액션/SF
INSERT INTO GENRE_TBL( IDX, M_ID, G_GENRE_GRP , G_GENRE)
VALUES(100, 'M0044', 'GRP008', 'COM0009' );
INSERT INTO GENRE_TBL( IDX, M_ID, G_GENRE_GRP , G_GENRE)
VALUES(101, 'M0044', 'GRP008', 'COM0005' );


--M0045, 베이비 드라이버 액션/범죄/드라마
INSERT INTO GENRE_TBL( IDX, M_ID, G_GENRE_GRP , G_GENRE)
VALUES(102, 'M0045', 'GRP008', 'COM0005' );
INSERT INTO GENRE_TBL( IDX, M_ID, G_GENRE_GRP , G_GENRE)
VALUES(103, 'M0045', 'GRP008', 'COM0013' );
INSERT INTO GENRE_TBL( IDX, M_ID, G_GENRE_GRP , G_GENRE)
VALUES(104, 'M0045', 'GRP008', 'COM0001' );

--M0046, 듄 액션/모험/드라마
INSERT INTO GENRE_TBL( IDX, M_ID, G_GENRE_GRP , G_GENRE)
VALUES(105, 'M0046', 'GRP008', 'COM0005' );
INSERT INTO GENRE_TBL( IDX, M_ID, G_GENRE_GRP , G_GENRE)
VALUES(106, 'M0046', 'GRP008', 'COM0012' );
INSERT INTO GENRE_TBL( IDX, M_ID, G_GENRE_GRP , G_GENRE)
VALUES(107, 'M0046', 'GRP008', 'COM0001' );

--M0047, 킹콩 액션/모험/드라마
INSERT INTO GENRE_TBL( IDX, M_ID, G_GENRE_GRP , G_GENRE)
VALUES(108, 'M0047', 'GRP008', 'COM0005' );
INSERT INTO GENRE_TBL( IDX, M_ID, G_GENRE_GRP , G_GENRE)
VALUES(109, 'M0047', 'GRP008', 'COM0012' );
INSERT INTO GENRE_TBL( IDX, M_ID, G_GENRE_GRP , G_GENRE)
VALUES(110, 'M0047', 'GRP008', 'COM0001' );
--M0048, 베테랑 액션/드라마/범죄
INSERT INTO GENRE_TBL( IDX, M_ID, G_GENRE_GRP , G_GENRE)
VALUES(111, 'M0048', 'GRP008', 'COM0005' );
INSERT INTO GENRE_TBL( IDX, M_ID, G_GENRE_GRP , G_GENRE)
VALUES(112, 'M0048', 'GRP008', 'COM0001' );
INSERT INTO GENRE_TBL( IDX, M_ID, G_GENRE_GRP , G_GENRE)
VALUES(113, 'M0048', 'GRP008', 'COM0013' );

--M0049, 범죄와의 전쟁: 나쁜놈들 전성시대 액션/범죄/드라마
INSERT INTO GENRE_TBL( IDX, M_ID, G_GENRE_GRP , G_GENRE)
VALUES(114, 'M0049', 'GRP008', 'COM0005' );
INSERT INTO GENRE_TBL( IDX, M_ID, G_GENRE_GRP , G_GENRE)
VALUES(115, 'M0049', 'GRP008', 'COM0013' );
INSERT INTO GENRE_TBL( IDX, M_ID, G_GENRE_GRP , G_GENRE)
VALUES(116, 'M0049', 'GRP008', 'COM0001' );
--M0050, 캐리비안의 해적: 블랙 펄의 저주' 액션/판타지/모험
INSERT INTO GENRE_TBL( IDX, M_ID, G_GENRE_GRP , G_GENRE)
VALUES(117, 'M0050', 'GRP008', 'COM0005' );
INSERT INTO GENRE_TBL( IDX, M_ID, G_GENRE_GRP , G_GENRE)
VALUES(118, 'M0050', 'GRP008', 'COM0008' );
INSERT INTO GENRE_TBL( IDX, M_ID, G_GENRE_GRP , G_GENRE)
VALUES(119, 'M0050', 'GRP008', 'COM0012' );
--M0051, 캐리비안의 해적: 세상의 끝에서 액션/판타지/모험
INSERT INTO GENRE_TBL( IDX, M_ID, G_GENRE_GRP , G_GENRE)
VALUES(120, 'M0051', 'GRP008', 'COM0005' );
INSERT INTO GENRE_TBL( IDX, M_ID, G_GENRE_GRP , G_GENRE)
VALUES(121, 'M0051', 'GRP008', 'COM0008' );
INSERT INTO GENRE_TBL( IDX, M_ID, G_GENRE_GRP , G_GENRE)
VALUES(122, 'M0051', 'GRP008', 'COM0012' );
--M0052,캐리비안의 해적: 낯선조류 액션/판타지/모험
INSERT INTO GENRE_TBL( IDX, M_ID, G_GENRE_GRP , G_GENRE)
VALUES(123, 'M0052', 'GRP008', 'COM0005' );
INSERT INTO GENRE_TBL( IDX, M_ID, G_GENRE_GRP , G_GENRE)
VALUES(124, 'M0052', 'GRP008', 'COM0008' );
INSERT INTO GENRE_TBL( IDX, M_ID, G_GENRE_GRP , G_GENRE)
VALUES(125, 'M0052', 'GRP008', 'COM0012' );
--M0053,기억의 밤 공포/스릴러/미스테리
INSERT INTO GENRE_TBL( IDX, M_ID, G_GENRE_GRP , G_GENRE)
VALUES(126, 'M0053', 'GRP008', 'COM0006' );
INSERT INTO GENRE_TBL( IDX, M_ID, G_GENRE_GRP , G_GENRE)
VALUES(127, 'M0053', 'GRP008', 'COM0007' );
INSERT INTO GENRE_TBL( IDX, M_ID, G_GENRE_GRP , G_GENRE)
VALUES(128, 'M0053', 'GRP008', 'COM0010' );
--M0054, 콰이어트 플레이스 공포/SF/스릴러
INSERT INTO GENRE_TBL( IDX, M_ID, G_GENRE_GRP , G_GENRE)
VALUES(129, 'M0054', 'GRP008', 'COM0006' );
INSERT INTO GENRE_TBL( IDX, M_ID, G_GENRE_GRP , G_GENRE)
VALUES(130, 'M0054', 'GRP008', 'COM0009' );
INSERT INTO GENRE_TBL( IDX, M_ID, G_GENRE_GRP , G_GENRE)
VALUES(131, 'M0054', 'GRP008', 'COM0007' );
--M0055, 콰이어트 플레이스 2 드라마/공포/SF
INSERT INTO GENRE_TBL( IDX, M_ID, G_GENRE_GRP , G_GENRE)
VALUES(132, 'M0055', 'GRP008', 'COM0006' );
INSERT INTO GENRE_TBL( IDX, M_ID, G_GENRE_GRP , G_GENRE)
VALUES(133, 'M0055', 'GRP008', 'COM0009' );
INSERT INTO GENRE_TBL( IDX, M_ID, G_GENRE_GRP , G_GENRE)
VALUES(134, 'M0055', 'GRP008', 'COM0001' );
--M0056, 애나벨 공포/스릴러
INSERT INTO GENRE_TBL( IDX, M_ID, G_GENRE_GRP , G_GENRE)
VALUES(135, 'M0056', 'GRP008', 'COM0006' );
INSERT INTO GENRE_TBL( IDX, M_ID, G_GENRE_GRP , G_GENRE)
VALUES(136, 'M0056', 'GRP008', 'COM0007' );
--M0057, 컨저링 공포/미스터리/스릴러
INSERT INTO GENRE_TBL( IDX, M_ID, G_GENRE_GRP , G_GENRE)
VALUES(137, 'M0057', 'GRP008', 'COM0006' );
INSERT INTO GENRE_TBL( IDX, M_ID, G_GENRE_GRP , G_GENRE)
VALUES(138, 'M0057', 'GRP008', 'COM0007' );
INSERT INTO GENRE_TBL( IDX, M_ID, G_GENRE_GRP , G_GENRE)
VALUES(139, 'M0057', 'GRP008', 'COM0010' );
--M0058, 컨저링 2 공포/미스터리/스릴러
INSERT INTO GENRE_TBL( IDX, M_ID, G_GENRE_GRP , G_GENRE)
VALUES(140, 'M0058', 'GRP008', 'COM0006' );
INSERT INTO GENRE_TBL( IDX, M_ID, G_GENRE_GRP , G_GENRE)
VALUES(141, 'M0058', 'GRP008', 'COM0007' );
INSERT INTO GENRE_TBL( IDX, M_ID, G_GENRE_GRP , G_GENRE)
VALUES(142, 'M0058', 'GRP008', 'COM0010' );
--M0059', '해피 데스데이 공포/미스테리/스릴러
INSERT INTO GENRE_TBL( IDX, M_ID, G_GENRE_GRP , G_GENRE)
VALUES(143, 'M0059', 'GRP008', 'COM0006' );
INSERT INTO GENRE_TBL( IDX, M_ID, G_GENRE_GRP , G_GENRE)
VALUES(144, 'M0059', 'GRP008', 'COM0007' );
INSERT INTO GENRE_TBL( IDX, M_ID, G_GENRE_GRP , G_GENRE)
VALUES(145, 'M0059', 'GRP008', 'COM0010' );
--M0060', '아이언맨 SF/액션/모험
INSERT INTO GENRE_TBL( IDX, M_ID, G_GENRE_GRP , G_GENRE)
VALUES(146, 'M0060', 'GRP008', 'COM0005' );
INSERT INTO GENRE_TBL( IDX, M_ID, G_GENRE_GRP , G_GENRE)
VALUES(147, 'M0060', 'GRP008', 'COM0012' );
INSERT INTO GENRE_TBL( IDX, M_ID, G_GENRE_GRP , G_GENRE)
VALUES(148, 'M0060', 'GRP008', 'COM0009' );
--M0061', '아이언맨2 SF/액션/모험
INSERT INTO GENRE_TBL( IDX, M_ID, G_GENRE_GRP , G_GENRE)
VALUES(149, 'M0061', 'GRP008', 'COM0009' );
INSERT INTO GENRE_TBL( IDX, M_ID, G_GENRE_GRP , G_GENRE)
VALUES(150, 'M0061', 'GRP008', 'COM0005' );
INSERT INTO GENRE_TBL( IDX, M_ID, G_GENRE_GRP , G_GENRE)
VALUES(151, 'M0061', 'GRP008', 'COM0012' );
--M0062', '아이언맨3' SF/액션/모험
INSERT INTO GENRE_TBL( IDX, M_ID, G_GENRE_GRP , G_GENRE)
VALUES(152, 'M0062', 'GRP008', 'COM0005' );
INSERT INTO GENRE_TBL( IDX, M_ID, G_GENRE_GRP , G_GENRE)
VALUES(153, 'M0062', 'GRP008', 'COM0012' );
INSERT INTO GENRE_TBL( IDX, M_ID, G_GENRE_GRP , G_GENRE)
VALUES(154, 'M0062', 'GRP008', 'COM0009' );
--M0063', '하울의 움직이는 성 애니메이션/모험/가족
INSERT INTO GENRE_TBL( IDX, M_ID, G_GENRE_GRP , G_GENRE)
VALUES(155, 'M0063', 'GRP008', 'COM0015' );
INSERT INTO GENRE_TBL( IDX, M_ID, G_GENRE_GRP , G_GENRE)
VALUES(156, 'M0063', 'GRP008', 'COM0012' );
INSERT INTO GENRE_TBL( IDX, M_ID, G_GENRE_GRP , G_GENRE)
VALUES(157, 'M0063', 'GRP008', 'COM0011' );
--M0064', '센과 치히로의 행방불명 애니메이션/판타지/가족
INSERT INTO GENRE_TBL( IDX, M_ID, G_GENRE_GRP , G_GENRE)
VALUES(158, 'M0064', 'GRP008', 'COM0015' );
INSERT INTO GENRE_TBL( IDX, M_ID, G_GENRE_GRP , G_GENRE)
VALUES(159, 'M0064', 'GRP008', 'COM0011' );
INSERT INTO GENRE_TBL( IDX, M_ID, G_GENRE_GRP , G_GENRE)
VALUES(160, 'M0064', 'GRP008', 'COM0008' );
--M0065', '몬스터 주식회사 애니메이션/모험/코미디
INSERT INTO GENRE_TBL( IDX, M_ID, G_GENRE_GRP , G_GENRE)
VALUES(161, 'M0065', 'GRP008', 'COM0015' );
INSERT INTO GENRE_TBL( IDX, M_ID, G_GENRE_GRP , G_GENRE)
VALUES(162, 'M0065', 'GRP008', 'COM0012' );
INSERT INTO GENRE_TBL( IDX, M_ID, G_GENRE_GRP , G_GENRE)
VALUES(163, 'M0065', 'GRP008', 'COM0003' );
--M0066', '업 드라마/애니메이션/가족
INSERT INTO GENRE_TBL( IDX, M_ID, G_GENRE_GRP , G_GENRE)
VALUES(164, 'M0066', 'GRP008', 'COM0001' );
INSERT INTO GENRE_TBL( IDX, M_ID, G_GENRE_GRP , G_GENRE)
VALUES(165, 'M0066', 'GRP008', 'COM0015' );
INSERT INTO GENRE_TBL( IDX, M_ID, G_GENRE_GRP , G_GENRE)
VALUES(166, 'M0066', 'GRP008', 'COM0011' );
--M0067', '토이 스토리 애니메이션/모험/가족
INSERT INTO GENRE_TBL( IDX, M_ID, G_GENRE_GRP , G_GENRE)
VALUES(167, 'M0067', 'GRP008', 'COM0015' );
INSERT INTO GENRE_TBL( IDX, M_ID, G_GENRE_GRP , G_GENRE)
VALUES(168, 'M0067', 'GRP008', 'COM0012' );
INSERT INTO GENRE_TBL( IDX, M_ID, G_GENRE_GRP , G_GENRE)
VALUES(169, 'M0067', 'GRP008', 'COM0011' );
--M0068', '토이 스토리 2 애니메이션/모험/가족
INSERT INTO GENRE_TBL( IDX, M_ID, G_GENRE_GRP , G_GENRE)
VALUES(170, 'M0068', 'GRP008', 'COM0015' );
INSERT INTO GENRE_TBL( IDX, M_ID, G_GENRE_GRP , G_GENRE)
VALUES(171, 'M0068', 'GRP008', 'COM0012' );
INSERT INTO GENRE_TBL( IDX, M_ID, G_GENRE_GRP , G_GENRE)
VALUES(172, 'M0068', 'GRP008', 'COM0011' );
--M0069', '토이 스토리 3 애니메이션/코미디/가족
INSERT INTO GENRE_TBL( IDX, M_ID, G_GENRE_GRP , G_GENRE)
VALUES(173, 'M0069', 'GRP008', 'COM0015' );
INSERT INTO GENRE_TBL( IDX, M_ID, G_GENRE_GRP , G_GENRE)
VALUES(174, 'M0069', 'GRP008', 'COM0003' );
INSERT INTO GENRE_TBL( IDX, M_ID, G_GENRE_GRP , G_GENRE)
VALUES(175, 'M0069', 'GRP008', 'COM0011' );
--M0070', '토이 스토리 4 애니메이션/가족/판타지
INSERT INTO GENRE_TBL( IDX, M_ID, G_GENRE_GRP , G_GENRE)
VALUES(176, 'M0070', 'GRP008', 'COM0015' );
INSERT INTO GENRE_TBL( IDX, M_ID, G_GENRE_GRP , G_GENRE)
VALUES(177, 'M0070', 'GRP008', 'COM0011' );
INSERT INTO GENRE_TBL( IDX, M_ID, G_GENRE_GRP , G_GENRE)
VALUES(178, 'M0070', 'GRP008', 'COM0008' );
--M0071', '월-E 가족/모험/코미디
INSERT INTO GENRE_TBL( IDX, M_ID, G_GENRE_GRP , G_GENRE)
VALUES(179, 'M0071', 'GRP008', 'COM0011' );
INSERT INTO GENRE_TBL( IDX, M_ID, G_GENRE_GRP , G_GENRE)
VALUES(180, 'M0071', 'GRP008', 'COM0012' );
INSERT INTO GENRE_TBL( IDX, M_ID, G_GENRE_GRP , G_GENRE)
VALUES(181, 'M0071', 'GRP008', 'COM0003' );
--M0072', '인크레더블 가족/모험/코미디
INSERT INTO GENRE_TBL( IDX, M_ID, G_GENRE_GRP , G_GENRE)
VALUES(182, 'M0072', 'GRP008', 'COM0011' );
INSERT INTO GENRE_TBL( IDX, M_ID, G_GENRE_GRP , G_GENRE)
VALUES(183, 'M0072', 'GRP008', 'COM0012' );
INSERT INTO GENRE_TBL( IDX, M_ID, G_GENRE_GRP , G_GENRE)
VALUES(184, 'M0072', 'GRP008', 'COM0003' );
--M0073', '7월 4일생 전쟁/드라마
INSERT INTO GENRE_TBL( IDX, M_ID, G_GENRE_GRP , G_GENRE)
VALUES(185, 'M0073', 'GRP008', 'COM0001' );
INSERT INTO GENRE_TBL( IDX, M_ID, G_GENRE_GRP , G_GENRE)
VALUES(186, 'M0073', 'GRP008', 'COM0016' );
--M0074', '라이프 오브 파이 판타지/드라마/모험
INSERT INTO GENRE_TBL( IDX, M_ID, G_GENRE_GRP , G_GENRE)
VALUES(187, 'M0074', 'GRP008', 'COM0001' );
INSERT INTO GENRE_TBL( IDX, M_ID, G_GENRE_GRP , G_GENRE)
VALUES(188, 'M0074', 'GRP008', 'COM0012' );
INSERT INTO GENRE_TBL( IDX, M_ID, G_GENRE_GRP , G_GENRE)
VALUES(189, 'M0074', 'GRP008', 'COM0008' );
--M0075', '위대한 쇼맨 드라마
INSERT INTO GENRE_TBL( IDX, M_ID, G_GENRE_GRP , G_GENRE)
VALUES(190, 'M0075', 'GRP008', 'COM0001' );
--M0076', '장고:분노의 추적자' 액션/드라마 
INSERT INTO GENRE_TBL( IDX, M_ID, G_GENRE_GRP , G_GENRE)
VALUES(191, 'M0076', 'GRP008', 'COM0005' );
INSERT INTO GENRE_TBL( IDX, M_ID, G_GENRE_GRP , G_GENRE)
VALUES(192, 'M0076', 'GRP008', 'COM0001' );

--영화 장르 테이블 끝


--@@@
--예약 테이블 생성문
CREATE TABLE RESERVATION_TBL
(
R_ID			CHAR(7) 			 PRIMARY KEY,  -- 예약 아이디
U_ID			VARCHAR2(30) 		 NOT NULL, -- 고객 아이디
TM_ID			CHAR(6) 			 NOT NULL,  -- 시간표 아이디
R_QTY			NUMBER(3) 		     NOT NULL,  -- 예약 수량
R_DATE			DATE		 	     NOT NULL,  -- 예약 날짜
R_GUBUN			CHAR(1) 			 NOT NULL,  -- R 예약, C 취소
R_PRICE			NUMBER(7)		 	 NOT NULL,  -- 총 금액
R_CANCELED_ID   CHAR(7)              NULL -- 취소한 R_ID
)
;

Insert into RESERVATION_TBL (R_ID,U_ID,TM_ID,R_QTY,R_DATE,R_GUBUN,R_PRICE,R_CANCELED_ID) values ('R000001','USER0001','TM0022',3,to_date('22/03/24','RR/MM/DD'),'R',39000,null);
Insert into RESERVATION_TBL (R_ID,U_ID,TM_ID,R_QTY,R_DATE,R_GUBUN,R_PRICE,R_CANCELED_ID) values ('R000002','USER0002','TM0022',4,to_date('22/03/24','RR/MM/DD'),'R',52000,null);
Insert into RESERVATION_TBL (R_ID,U_ID,TM_ID,R_QTY,R_DATE,R_GUBUN,R_PRICE,R_CANCELED_ID) values ('R000003','USER0003','TM0022',8,to_date('22/03/24','RR/MM/DD'),'R',104000,null);
Insert into RESERVATION_TBL (R_ID,U_ID,TM_ID,R_QTY,R_DATE,R_GUBUN,R_PRICE,R_CANCELED_ID) values ('R000004','USER0004','TM0022',10,to_date('22/03/24','RR/MM/DD'),'R',130000,null);
Insert into RESERVATION_TBL (R_ID,U_ID,TM_ID,R_QTY,R_DATE,R_GUBUN,R_PRICE,R_CANCELED_ID) values ('R000005','USER0004','TM0022',10,to_date('22/03/24','RR/MM/DD'),'C',130000,'R000004');
Insert into RESERVATION_TBL (R_ID,U_ID,TM_ID,R_QTY,R_DATE,R_GUBUN,R_PRICE,R_CANCELED_ID) values ('R000006','USER0001','TM0031',3,to_date('22/03/24','RR/MM/DD'),'R',39000,null);
Insert into RESERVATION_TBL (R_ID,U_ID,TM_ID,R_QTY,R_DATE,R_GUBUN,R_PRICE,R_CANCELED_ID) values ('R000007','USER0002','TM0031',3,to_date('22/03/24','RR/MM/DD'),'R',39000,null);
Insert into RESERVATION_TBL (R_ID,U_ID,TM_ID,R_QTY,R_DATE,R_GUBUN,R_PRICE,R_CANCELED_ID) values ('R000008','USER0003','TM0031',20,to_date('22/03/24','RR/MM/DD'),'R',260000,null);
Insert into RESERVATION_TBL (R_ID,U_ID,TM_ID,R_QTY,R_DATE,R_GUBUN,R_PRICE,R_CANCELED_ID) values ('R000009','USER0004','TM0031',5,to_date('22/03/25','RR/MM/DD'),'R',65000,null);
Insert into RESERVATION_TBL (R_ID,U_ID,TM_ID,R_QTY,R_DATE,R_GUBUN,R_PRICE,R_CANCELED_ID) values ('R000010','USER0001','TM0039',4,to_date('22/03/24','RR/MM/DD'),'R',72000,null);
Insert into RESERVATION_TBL (R_ID,U_ID,TM_ID,R_QTY,R_DATE,R_GUBUN,R_PRICE,R_CANCELED_ID) values ('R000011','USER0001','TM0039',4,to_date('22/03/24','RR/MM/DD'),'C',72000,'R000010');
Insert into RESERVATION_TBL (R_ID,U_ID,TM_ID,R_QTY,R_DATE,R_GUBUN,R_PRICE,R_CANCELED_ID) values ('R000012','USER0001','TM0040',4,to_date('22/03/24','RR/MM/DD'),'R',72000,null);
Insert into RESERVATION_TBL (R_ID,U_ID,TM_ID,R_QTY,R_DATE,R_GUBUN,R_PRICE,R_CANCELED_ID) values ('R000013','USER0002','TM0040',6,to_date('22/03/25','RR/MM/DD'),'R',108000,null);
Insert into RESERVATION_TBL (R_ID,U_ID,TM_ID,R_QTY,R_DATE,R_GUBUN,R_PRICE,R_CANCELED_ID) values ('R000014','GUEST0001','TM0022',1,to_date('22/03/23','RR/MM/DD'),'R',13000,null);
Insert into RESERVATION_TBL (R_ID,U_ID,TM_ID,R_QTY,R_DATE,R_GUBUN,R_PRICE,R_CANCELED_ID) values ('R000015','GUEST0003','TM0022',3,to_date('22/03/22','RR/MM/DD'),'R',39000,null);
Insert into RESERVATION_TBL (R_ID,U_ID,TM_ID,R_QTY,R_DATE,R_GUBUN,R_PRICE,R_CANCELED_ID) values ('R000016','GUEST0006','TM0024',2,to_date('22/03/23','RR/MM/DD'),'R',34000,null);
Insert into RESERVATION_TBL (R_ID,U_ID,TM_ID,R_QTY,R_DATE,R_GUBUN,R_PRICE,R_CANCELED_ID) values ('R000017','GUEST0006','TM0024',2,to_date('22/03/24','RR/MM/DD'),'C',34000,'R000016');
Insert into RESERVATION_TBL (R_ID,U_ID,TM_ID,R_QTY,R_DATE,R_GUBUN,R_PRICE,R_CANCELED_ID) values ('R000018','themeyoung4134','TM0035',3,to_date('22/03/24','RR/MM/DD'),'R',39000,null);
Insert into RESERVATION_TBL (R_ID,U_ID,TM_ID,R_QTY,R_DATE,R_GUBUN,R_PRICE,R_CANCELED_ID) values ('R000019','themeyoung4134','TM0035',3,to_date('22/03/25','RR/MM/DD'),'C',39000,'R000018');
Insert into RESERVATION_TBL (R_ID,U_ID,TM_ID,R_QTY,R_DATE,R_GUBUN,R_PRICE,R_CANCELED_ID) values ('R000020','speeddrink6770','TM0038',2,to_date('22/03/22','RR/MM/DD'),'R',34000,null);
Insert into RESERVATION_TBL (R_ID,U_ID,TM_ID,R_QTY,R_DATE,R_GUBUN,R_PRICE,R_CANCELED_ID) values ('R000021','speeddrink6770','TM0033',4,to_date('22/03/21','RR/MM/DD'),'R',52000,null);
Insert into RESERVATION_TBL (R_ID,U_ID,TM_ID,R_QTY,R_DATE,R_GUBUN,R_PRICE,R_CANCELED_ID) values ('R000022','GUEST0030','TM0087',2,to_date('22/03/20','RR/MM/DD'),'R',26000,null);
Insert into RESERVATION_TBL (R_ID,U_ID,TM_ID,R_QTY,R_DATE,R_GUBUN,R_PRICE,R_CANCELED_ID) values ('R000023','GUEST0017','TM0093',4,to_date('22/03/20','RR/MM/DD'),'R',60000,null);
Insert into RESERVATION_TBL (R_ID,U_ID,TM_ID,R_QTY,R_DATE,R_GUBUN,R_PRICE,R_CANCELED_ID) values ('R000024','GUEST0012','TM0099',6,to_date('22/03/21','RR/MM/DD'),'R',78000,null);
Insert into RESERVATION_TBL (R_ID,U_ID,TM_ID,R_QTY,R_DATE,R_GUBUN,R_PRICE,R_CANCELED_ID) values ('R000025','GUEST0040','TM0100',5,to_date('22/03/21','RR/MM/DD'),'R',75000,null);
Insert into RESERVATION_TBL (R_ID,U_ID,TM_ID,R_QTY,R_DATE,R_GUBUN,R_PRICE,R_CANCELED_ID) values ('R000026','humanfocus1420','TM0101',3,to_date('22/03/21','RR/MM/DD'),'R',39000,null);
Insert into RESERVATION_TBL (R_ID,U_ID,TM_ID,R_QTY,R_DATE,R_GUBUN,R_PRICE,R_CANCELED_ID) values ('R000027','humanfocus1420','TM0106',4,to_date('22/03/22','RR/MM/DD'),'R',68000,null);
Insert into RESERVATION_TBL (R_ID,U_ID,TM_ID,R_QTY,R_DATE,R_GUBUN,R_PRICE,R_CANCELED_ID) values ('R000028','thirdready0968','TM0111',16,to_date('22/03/21','RR/MM/DD'),'R',208000,null);
Insert into RESERVATION_TBL (R_ID,U_ID,TM_ID,R_QTY,R_DATE,R_GUBUN,R_PRICE,R_CANCELED_ID) values ('R000029','thirdready0968','TM0120',32,to_date('22/03/22','RR/MM/DD'),'R',544000,null);
Insert into RESERVATION_TBL (R_ID,U_ID,TM_ID,R_QTY,R_DATE,R_GUBUN,R_PRICE,R_CANCELED_ID) values ('R000030','metaltight4944','TM0123',2,to_date('22/03/22','RR/MM/DD'),'R',26000,null);
Insert into RESERVATION_TBL (R_ID,U_ID,TM_ID,R_QTY,R_DATE,R_GUBUN,R_PRICE,R_CANCELED_ID) values ('R000031','enjoyshelf7775','TM0127',4,to_date('22/03/21','RR/MM/DD'),'R',52000,null);
Insert into RESERVATION_TBL (R_ID,U_ID,TM_ID,R_QTY,R_DATE,R_GUBUN,R_PRICE,R_CANCELED_ID) values ('R000032','oceanworld4615','TM0129',6,to_date('22/03/15','RR/MM/DD'),'R',90000,null);


--@@@
--결제 테이블 생성문
CREATE TABLE PAYMENT_INFO_TBL
(
IDX			        INTEGER			    PRIMARY KEY,  -- 인덱스
R_ID			    CHAR(7) 			NOT NULL, -- 예약 아이디
PAY_METHOD_GRP		CHAR(6) 			NOT NULL, -- 결제 방법 그룹 코드
PAY_METHOD		    CHAR(7) 			NOT NULL, -- 결제 방법
PAY_DC_TYPE_GRP		CHAR(6) 			NOT NULL, -- 할인 방법 그룹 코드
PAY_DC_TYPE		    CHAR(7) 			NOT NULL, -- 할인 방법
PAY_PRICE			NUMBER(7) 			NOT NULL, -- 결제 금액
PAY_DC_PRICE		NUMBER(6) 			NOT NULL,  -- 할인 금액
PAY_SAVE_POINT		NUMBER(6) 			NOT NULL  -- 적립 포인트
)
;

Insert into PAYMENT_INFO_TBL (IDX,R_ID,PAY_METHOD_GRP,PAY_METHOD,PAY_DC_TYPE_GRP,PAY_DC_TYPE,PAY_PRICE,PAY_DC_PRICE,PAY_SAVE_POINT) values (5,'R000002','GRP006','COM0001','GRP007','COM0005',50000,1500,485);
Insert into PAYMENT_INFO_TBL (IDX,R_ID,PAY_METHOD_GRP,PAY_METHOD,PAY_DC_TYPE_GRP,PAY_DC_TYPE,PAY_PRICE,PAY_DC_PRICE,PAY_SAVE_POINT) values (6,'R000002','GRP006','COM0002','GRP007','COM0005',2000,60,19);
Insert into PAYMENT_INFO_TBL (IDX,R_ID,PAY_METHOD_GRP,PAY_METHOD,PAY_DC_TYPE_GRP,PAY_DC_TYPE,PAY_PRICE,PAY_DC_PRICE,PAY_SAVE_POINT) values (7,'R000003','GRP006','COM0003','GRP007','COM0017',0,0,0);
Insert into PAYMENT_INFO_TBL (IDX,R_ID,PAY_METHOD_GRP,PAY_METHOD,PAY_DC_TYPE_GRP,PAY_DC_TYPE,PAY_PRICE,PAY_DC_PRICE,PAY_SAVE_POINT) values (8,'R000003','GRP006','COM0001','GRP007','COM0017',104000,3120,3026);
Insert into PAYMENT_INFO_TBL (IDX,R_ID,PAY_METHOD_GRP,PAY_METHOD,PAY_DC_TYPE_GRP,PAY_DC_TYPE,PAY_PRICE,PAY_DC_PRICE,PAY_SAVE_POINT) values (9,'R000003','GRP006','COM0002','GRP007','COM0017',0,0,0);
Insert into PAYMENT_INFO_TBL (IDX,R_ID,PAY_METHOD_GRP,PAY_METHOD,PAY_DC_TYPE_GRP,PAY_DC_TYPE,PAY_PRICE,PAY_DC_PRICE,PAY_SAVE_POINT) values (16,'R000007','GRP006','COM0003','GRP007','COM0014',0,0,0);
Insert into PAYMENT_INFO_TBL (IDX,R_ID,PAY_METHOD_GRP,PAY_METHOD,PAY_DC_TYPE_GRP,PAY_DC_TYPE,PAY_PRICE,PAY_DC_PRICE,PAY_SAVE_POINT) values (17,'R000007','GRP006','COM0001','GRP007','COM0014',39000,3000,360);
Insert into PAYMENT_INFO_TBL (IDX,R_ID,PAY_METHOD_GRP,PAY_METHOD,PAY_DC_TYPE_GRP,PAY_DC_TYPE,PAY_PRICE,PAY_DC_PRICE,PAY_SAVE_POINT) values (18,'R000007','GRP006','COM0002','GRP007','COM0014',0,0,0);
Insert into PAYMENT_INFO_TBL (IDX,R_ID,PAY_METHOD_GRP,PAY_METHOD,PAY_DC_TYPE_GRP,PAY_DC_TYPE,PAY_PRICE,PAY_DC_PRICE,PAY_SAVE_POINT) values (1,'R000001','GRP006','COM0003','GRP007','COM0005',0,0,0);
Insert into PAYMENT_INFO_TBL (IDX,R_ID,PAY_METHOD_GRP,PAY_METHOD,PAY_DC_TYPE_GRP,PAY_DC_TYPE,PAY_PRICE,PAY_DC_PRICE,PAY_SAVE_POINT) values (2,'R000001','GRP006','COM0001','GRP007','COM0005',30000,900,582);
Insert into PAYMENT_INFO_TBL (IDX,R_ID,PAY_METHOD_GRP,PAY_METHOD,PAY_DC_TYPE_GRP,PAY_DC_TYPE,PAY_PRICE,PAY_DC_PRICE,PAY_SAVE_POINT) values (3,'R000001','GRP006','COM0002','GRP007','COM0005',9000,270,174);
Insert into PAYMENT_INFO_TBL (IDX,R_ID,PAY_METHOD_GRP,PAY_METHOD,PAY_DC_TYPE_GRP,PAY_DC_TYPE,PAY_PRICE,PAY_DC_PRICE,PAY_SAVE_POINT) values (4,'R000002','GRP006','COM0003','GRP007','COM0005',0,0,0);
Insert into PAYMENT_INFO_TBL (IDX,R_ID,PAY_METHOD_GRP,PAY_METHOD,PAY_DC_TYPE_GRP,PAY_DC_TYPE,PAY_PRICE,PAY_DC_PRICE,PAY_SAVE_POINT) values (14,'R000006','GRP006','COM0001','GRP007','COM0025',39000,0,780);
Insert into PAYMENT_INFO_TBL (IDX,R_ID,PAY_METHOD_GRP,PAY_METHOD,PAY_DC_TYPE_GRP,PAY_DC_TYPE,PAY_PRICE,PAY_DC_PRICE,PAY_SAVE_POINT) values (15,'R000006','GRP006','COM0002','GRP007','COM0025',0,0,0);
Insert into PAYMENT_INFO_TBL (IDX,R_ID,PAY_METHOD_GRP,PAY_METHOD,PAY_DC_TYPE_GRP,PAY_DC_TYPE,PAY_PRICE,PAY_DC_PRICE,PAY_SAVE_POINT) values (19,'R000008','GRP006','COM0003','GRP007','COM0010',0,0,0);
Insert into PAYMENT_INFO_TBL (IDX,R_ID,PAY_METHOD_GRP,PAY_METHOD,PAY_DC_TYPE_GRP,PAY_DC_TYPE,PAY_PRICE,PAY_DC_PRICE,PAY_SAVE_POINT) values (10,'R000004','GRP006','COM0003','GRP007','COM0008',0,0,0);
Insert into PAYMENT_INFO_TBL (IDX,R_ID,PAY_METHOD_GRP,PAY_METHOD,PAY_DC_TYPE_GRP,PAY_DC_TYPE,PAY_PRICE,PAY_DC_PRICE,PAY_SAVE_POINT) values (11,'R000004','GRP006','COM0001','GRP007','COM0008',100000,3000,970);
Insert into PAYMENT_INFO_TBL (IDX,R_ID,PAY_METHOD_GRP,PAY_METHOD,PAY_DC_TYPE_GRP,PAY_DC_TYPE,PAY_PRICE,PAY_DC_PRICE,PAY_SAVE_POINT) values (12,'R000004','GRP006','COM0002','GRP007','COM0008',30000,900,291);
Insert into PAYMENT_INFO_TBL (IDX,R_ID,PAY_METHOD_GRP,PAY_METHOD,PAY_DC_TYPE_GRP,PAY_DC_TYPE,PAY_PRICE,PAY_DC_PRICE,PAY_SAVE_POINT) values (13,'R000006','GRP006','COM0003','GRP007','COM0025',0,0,0);
Insert into PAYMENT_INFO_TBL (IDX,R_ID,PAY_METHOD_GRP,PAY_METHOD,PAY_DC_TYPE_GRP,PAY_DC_TYPE,PAY_PRICE,PAY_DC_PRICE,PAY_SAVE_POINT) values (20,'R000008','GRP006','COM0001','GRP007','COM0010',60000,1800,1746);
Insert into PAYMENT_INFO_TBL (IDX,R_ID,PAY_METHOD_GRP,PAY_METHOD,PAY_DC_TYPE_GRP,PAY_DC_TYPE,PAY_PRICE,PAY_DC_PRICE,PAY_SAVE_POINT) values (21,'R000008','GRP006','COM0002','GRP007','COM0010',200000,6000,5820);


--@@@
--포인트 테이블 생성문
CREATE TABLE POINT_TBL
(
P_ID			CHAR(5) 			PRIMARY KEY,  -- 포인트 아이디
R_ID			CHAR(7) 			NOT NULL,  -- 예약 아이디
P_DATE			DATE 		    	NOT NULL, -- 날짜
P_AMOUNT		NUMBER(6) 	    	NOT NULL, -- 포인트 양 
P_GUBUN			CHAR(1) 			NOT NULL  -- P 적립, M 사용, C 취소
)
;

Insert into POINT_TBL (P_ID,R_ID,P_DATE,P_AMOUNT,P_GUBUN) values ('P0001','R000001',to_date('22/03/24','RR/MM/DD'),582,'P');
Insert into POINT_TBL (P_ID,R_ID,P_DATE,P_AMOUNT,P_GUBUN) values ('P0002','R000001',to_date('22/03/24','RR/MM/DD'),174,'P');
Insert into POINT_TBL (P_ID,R_ID,P_DATE,P_AMOUNT,P_GUBUN) values ('P0003','R000002',to_date('22/03/24','RR/MM/DD'),485,'P');
Insert into POINT_TBL (P_ID,R_ID,P_DATE,P_AMOUNT,P_GUBUN) values ('P0004','R000002',to_date('22/03/24','RR/MM/DD'),19,'P');
Insert into POINT_TBL (P_ID,R_ID,P_DATE,P_AMOUNT,P_GUBUN) values ('P0005','R000003',to_date('22/03/24','RR/MM/DD'),3026,'P');
Insert into POINT_TBL (P_ID,R_ID,P_DATE,P_AMOUNT,P_GUBUN) values ('P0009','R000007',to_date('22/03/24','RR/MM/DD'),360,'P');
Insert into POINT_TBL (P_ID,R_ID,P_DATE,P_AMOUNT,P_GUBUN) values ('P0006','R000004',to_date('22/03/24','RR/MM/DD'),970,'P');
Insert into POINT_TBL (P_ID,R_ID,P_DATE,P_AMOUNT,P_GUBUN) values ('P0007','R000004',to_date('22/03/24','RR/MM/DD'),291,'P');
Insert into POINT_TBL (P_ID,R_ID,P_DATE,P_AMOUNT,P_GUBUN) values ('P0008','R000006',to_date('22/03/24','RR/MM/DD'),780,'P');
Insert into POINT_TBL (P_ID,R_ID,P_DATE,P_AMOUNT,P_GUBUN) values ('P0010','R000008',to_date('22/03/24','RR/MM/DD'),1746,'P');
Insert into POINT_TBL (P_ID,R_ID,P_DATE,P_AMOUNT,P_GUBUN) values ('P0011','R000008',to_date('22/03/24','RR/MM/DD'),5820,'P');
